EPOCH,Time Consumed,Total Frames,Running_Average_Rewards,Train_Epoch_Reward,Running_Training_Average_Rewards,Explore_Time,Train___Time,Eval____Time,eval_traj_length,advs/mean_Mean,advs/mean_Std,advs/mean_Max,advs/mean_Min,advs/std_Mean,advs/std_Std,advs/std_Max,advs/std_Min,advs/max_Mean,advs/max_Std,advs/max_Max,advs/max_Min,advs/min_Mean,advs/min_Std,advs/min_Max,advs/min_Min,Training/vf_loss_Mean,Training/vf_loss_Std,Training/vf_loss_Max,Training/vf_loss_Min,grad_norm/vf_Mean,grad_norm/vf_Std,grad_norm/vf_Max,grad_norm/vf_Min,Training/policy_loss_Mean,Training/policy_loss_Std,Training/policy_loss_Max,Training/policy_loss_Min,logprob/mean_Mean,logprob/mean_Std,logprob/mean_Max,logprob/mean_Min,logprob/std_Mean,logprob/std_Std,logprob/std_Max,logprob/std_Min,logprob/max_Mean,logprob/max_Std,logprob/max_Max,logprob/max_Min,logprob/min_Mean,logprob/min_Std,logprob/min_Max,logprob/min_Min,log_std/mean_Mean,log_std/mean_Std,log_std/mean_Max,log_std/mean_Min,log_std/std_Mean,log_std/std_Std,log_std/std_Max,log_std/std_Min,log_std/max_Mean,log_std/max_Std,log_std/max_Max,log_std/max_Min,log_std/min_Mean,log_std/min_Std,log_std/min_Max,log_std/min_Min,ratio/max_Mean,ratio/max_Std,ratio/max_Max,ratio/max_Min,ratio/min_Mean,ratio/min_Std,ratio/min_Max,ratio/min_Min,grad_norm/pf_Mean,grad_norm/pf_Std,grad_norm/pf_Max,grad_norm/pf_Min
0,411.94873547554016,8192,-115.07710,-1014.47188,nan,48.04732,4.33036,356.83501,1000.00000,-1.96083,0.08169,-1.78860,-2.09412,0.47929,0.08843,0.68121,0.34874,-0.41233,0.35450,0.20311,-1.13936,-3.14014,0.10776,-2.83823,-3.29010,3.14661,0.73759,4.29884,1.67741,20.30360,5.61979,29.71760,11.42524,-0.01148,0.00869,0.00644,-0.02784,1.30057,0.04220,1.40356,1.19137,1.01734,0.05779,1.16025,0.83907,2.31965,0.00174,2.32198,2.31228,-4.66109,1.29705,-1.88923,-7.63063,-2.07968,0.00022,-2.07942,-2.08005,0.00008,0.00005,0.00019,0.00000,-2.07963,0.00025,-2.07929,-2.08004,-2.07974,0.00019,-2.07944,-2.08007,1.57901,0.20928,2.44359,1.00377,0.62965,0.07888,0.99603,0.49239,2.27184,1.23239,6.60932,0.35853
10,903.1220664978027,90112,-3.79338,117.95707,nan,495.79495,49.12376,357.97080,990.25000,-0.24224,0.72794,0.79804,-1.74691,0.43062,0.03699,0.60880,0.36772,1.13291,0.76001,2.40754,-0.61682,-1.43870,0.70647,-0.17732,-2.94956,0.30018,0.37265,2.95245,0.13723,8.84955,11.16272,49.70254,0.07519,-0.01469,0.01037,0.01572,-0.04149,1.30820,0.04400,1.42530,1.16141,1.01062,0.06231,1.23279,0.85640,2.32336,0.00479,2.33230,2.30771,-4.56224,1.30957,-1.63327,-9.20036,-2.08159,0.00221,-2.07915,-2.08515,0.00500,0.00221,0.00771,0.00000,-2.07806,0.00130,-2.07585,-2.08009,-2.08513,0.00360,-2.08006,-2.09038,1.66917,0.30823,2.80954,1.00169,0.59784,0.13448,0.99847,0.32993,3.12665,1.95255,13.52563,0.30759
20,911.2157330513,172032,71.11920,792.81609,37.20222,503.39535,47.71247,359.88456,585.84375,0.70058,0.23914,1.29212,0.12594,2.07763,0.76081,3.55683,0.38519,3.59874,1.30096,7.45407,1.93029,-16.65762,6.52218,0.22112,-28.58057,4.36839,2.46903,11.09947,0.14051,42.03693,44.49431,233.38522,0.13021,0.00363,0.00909,0.04978,-0.03581,1.32441,0.04668,1.44318,1.15071,1.00569,0.06192,1.18501,0.84036,2.33143,0.00216,2.33505,2.31748,-4.55129,1.18215,-2.05967,-8.24213,-2.08561,0.00052,-2.08438,-2.08650,0.00873,0.00178,0.01167,0.00628,-2.07943,0.00164,-2.07613,-2.08203,-2.09178,0.00102,-2.08998,-2.09336,1.74983,0.40124,3.44549,1.00933,0.56624,0.13668,0.99487,0.20822,3.26537,1.68383,11.86286,0.54570
30,757.594818353653,253952,85.93359,1611.63584,66.14421,510.85425,48.04827,198.50423,385.04688,0.63040,0.21634,1.24760,0.06402,2.36497,0.43157,4.13636,1.37933,7.73517,3.44915,17.89137,2.89474,-21.92441,6.38041,-7.71888,-35.99304,5.46325,2.04823,15.40293,1.71404,133.04041,96.14169,518.94598,12.94651,0.00689,0.00782,0.06109,-0.01103,1.31092,0.04338,1.44937,1.17132,1.01882,0.06463,1.24734,0.84562,2.32517,0.00331,2.33138,2.31036,-4.69175,1.28376,-1.97749,-9.59625,-2.08241,0.00134,-2.08086,-2.08471,0.01403,0.00164,0.01647,0.01065,-2.07249,0.00246,-2.06968,-2.07711,-2.09233,0.00044,-2.09163,-2.09334,1.79436,0.42689,4.05476,1.01321,0.53927,0.13752,0.98475,0.14462,3.72907,1.92445,12.06514,0.59273
40,734.7515404224396,335872,91.87223,1977.42600,71.94120,522.00188,43.98946,168.66874,309.20312,0.39457,0.33110,1.09671,-0.55038,2.68337,0.46242,4.09401,1.60851,11.42441,4.37172,28.30283,4.17031,-24.01706,7.38805,-6.20087,-38.66222,6.95863,2.37534,16.50720,2.61643,237.13319,176.58617,1214.67529,35.42399,0.00792,0.00952,0.08313,-0.01436,1.31400,0.04674,1.44546,1.16952,1.00882,0.06617,1.27995,0.81597,2.32332,0.00234,2.32692,2.31078,-4.61180,1.30985,-1.68398,-9.99545,-2.08165,0.00044,-2.08082,-2.08247,0.01664,0.00116,0.01836,0.01463,-2.06989,0.00053,-2.06896,-2.07090,-2.09342,0.00120,-2.09127,-2.09536,1.85216,0.42701,4.31279,1.02182,0.51904,0.13738,0.97646,0.09455,4.15005,2.26304,15.00196,0.78152
50,735.0700776576996,417792,85.28942,2279.72403,74.27024,523.60471,41.58764,169.66235,314.01562,0.24240,0.21305,0.80232,-0.58607,2.93038,0.43408,4.28327,1.91768,15.37442,6.70226,38.48927,4.88833,-24.71001,9.08722,-6.49712,-51.30988,8.06981,2.62169,17.72923,3.16811,301.34777,224.47077,1248.02014,34.17209,0.00768,0.00767,0.06111,-0.00962,1.31631,0.04616,1.44515,1.18744,1.01096,0.06590,1.25917,0.79305,2.32519,0.00208,2.32849,2.31317,-4.65456,1.47349,-1.91473,-12.27266,-2.08254,0.00040,-2.08168,-2.08324,0.02036,0.00141,0.02347,0.01824,-2.06814,0.00133,-2.06508,-2.07009,-2.09693,0.00074,-2.09538,-2.09844,1.90711,0.56853,6.30229,1.01371,0.50818,0.14978,0.98760,0.11206,4.31257,2.20985,16.63394,0.75398
60,747.8740561008453,499712,85.43305,2110.88873,94.05083,521.93806,45.69245,180.09681,343.32812,0.07244,0.21401,0.59918,-0.55198,3.12391,0.60671,5.06499,1.99094,14.33483,6.56193,35.41924,5.76313,-27.78099,9.95340,-7.34594,-49.12720,8.88915,3.41110,19.98777,3.32708,286.76121,195.07955,1270.96948,33.55309,0.00780,0.00836,0.06149,-0.01089,1.31609,0.04649,1.44005,1.13729,1.01454,0.06175,1.21646,0.83402,2.32292,0.00206,2.32609,2.30975,-4.66806,1.19198,-2.32275,-9.33041,-2.08137,0.00034,-2.08075,-2.08200,0.02548,0.00151,0.02870,0.02348,-2.06335,0.00127,-2.06056,-2.06507,-2.09938,0.00094,-2.09818,-2.10115,1.86586,0.44546,4.38664,1.03981,0.51844,0.13461,0.96716,0.03144,4.20715,2.14488,12.97362,0.75959
70,767.0048203468323,581632,97.66060,1964.63494,78.23214,525.14088,38.72926,203.00032,359.26562,0.08680,0.22768,0.65057,-0.52513,2.72590,0.50041,4.79780,1.72248,11.64336,6.25685,36.43947,3.96869,-24.72463,10.13750,-7.59143,-50.86514,6.70042,2.37488,19.06864,2.86048,340.85875,235.23874,1360.23132,40.91951,0.00750,0.00848,0.06228,-0.01110,1.31376,0.04224,1.42460,1.19297,1.01359,0.05825,1.20474,0.83919,2.32694,0.00378,2.33208,2.31373,-4.59601,1.29889,-2.26675,-8.83251,-2.08342,0.00153,-2.08085,-2.08505,0.03058,0.00103,0.03216,0.02872,-2.06179,0.00098,-2.06028,-2.06314,-2.10504,0.00219,-2.10117,-2.10777,1.99798,0.69839,8.55972,1.02480,0.48701,0.14388,0.97384,0.08579,4.19255,2.20021,14.04817,0.75729
80,747.2613062858582,663552,98.36128,2355.46672,91.65754,535.52535,41.09583,170.38122,324.23438,-0.12235,0.14211,0.26870,-0.55263,2.57416,0.44170,4.37686,1.73642,9.43155,3.61903,22.36316,3.95253,-22.02537,9.58382,-7.23807,-47.38401,5.90223,1.82797,17.38932,2.66659,288.79098,182.67376,1027.71582,21.85146,0.00706,0.00803,0.05725,-0.01400,1.31336,0.04449,1.45531,1.19115,1.02018,0.06357,1.21076,0.85366,2.33263,0.00270,2.33784,2.32142,-4.58153,1.24580,-2.13098,-11.02098,-2.08631,0.00099,-2.08497,-2.08789,0.03345,0.00074,0.03519,0.03189,-2.06266,0.00122,-2.06061,-2.06475,-2.10997,0.00101,-2.10766,-2.11167,2.02971,0.58071,5.48431,1.02204,0.47343,0.14186,0.97691,0.15162,4.01849,2.03782,16.24994,0.88602
90,738.3059012889862,745472,90.84844,2107.93091,93.80888,537.54961,39.71390,160.88591,289.46875,-0.06567,0.19887,0.50601,-0.72473,2.75273,0.57861,4.84402,1.89741,11.58771,5.09136,30.33613,4.35361,-23.55018,11.39789,-7.88641,-51.26706,6.48750,2.19961,17.33654,3.00735,288.24294,193.33615,1208.15076,32.99844,0.00841,0.00846,0.04948,-0.01373,1.31894,0.04531,1.45669,1.20339,1.01355,0.06100,1.24560,0.86554,2.32972,0.00265,2.33342,2.31771,-4.59887,1.26650,-2.16914,-9.49171,-2.08468,0.00103,-2.08228,-2.08568,0.03420,0.00109,0.03590,0.03223,-2.06049,0.00055,-2.05859,-2.06124,-2.10886,0.00173,-2.10595,-2.11074,2.04325,0.60431,7.10984,1.02655,0.46267,0.13682,0.96256,0.05575,4.77691,2.26407,15.42758,0.99408
100,733.3990778923035,827392,97.73415,2234.02713,89.39747,516.59066,40.16891,176.25052,307.59375,0.09549,0.14998,0.55436,-0.38876,2.79215,0.41107,4.45233,1.91214,13.80251,7.11563,40.68507,4.06440,-22.29232,9.36246,-7.89963,-46.70928,6.63583,2.01616,15.90248,3.09310,326.22972,212.62178,1144.34595,45.48639,0.00932,0.00912,0.06138,-0.01067,1.30358,0.04359,1.42131,1.17450,1.01403,0.06197,1.25489,0.85893,2.32204,0.00222,2.32661,2.31176,-4.55007,1.36242,-2.17858,-11.00471,-2.08107,0.00036,-2.08052,-2.08226,0.03473,0.00046,0.03550,0.03353,-2.05652,0.00063,-2.05579,-2.05855,-2.10563,0.00029,-2.10504,-2.10620,2.12462,0.68040,8.04640,1.03268,0.44784,0.14487,0.96383,0.06608,5.05536,2.56718,20.82294,1.17702
110,708.1540644168854,909312,89.57333,2652.56930,88.96546,516.10110,37.61425,154.27805,273.56250,0.12793,0.20057,0.73139,-0.40037,2.71227,0.43311,4.74154,1.74127,13.80330,6.77759,35.07731,3.80994,-21.13038,9.45745,-7.57978,-50.66848,6.31108,1.86204,14.66958,3.03886,299.92346,174.41175,903.26361,36.44934,0.00880,0.00940,0.06407,-0.01090,1.30739,0.04763,1.43698,1.13346,1.01266,0.06625,1.31010,0.84052,2.31853,0.00253,2.32409,2.30686,-4.53231,1.25515,-2.20404,-8.40926,-2.07919,0.00082,-2.07810,-2.08099,0.03303,0.00116,0.03481,0.02996,-2.05583,0.00094,-2.05449,-2.05749,-2.10254,0.00134,-2.09928,-2.10549,2.16181,0.94020,15.54820,1.01596,0.45017,0.14725,0.98337,0.08836,5.13912,2.50874,15.57647,1.12684
120,695.570958852768,991232,83.63425,2731.56982,100.96104,519.35996,37.33779,138.62221,246.79688,0.00839,0.23059,0.53576,-0.61020,2.54868,0.43674,4.49096,1.76522,14.04268,8.87727,39.33687,4.53218,-19.42621,9.87106,-6.74580,-52.18967,5.45483,1.92153,16.03082,2.70155,275.68508,211.52960,1546.55701,24.57867,0.00921,0.00906,0.04902,-0.01473,1.30443,0.04469,1.42056,1.15921,1.01265,0.06060,1.21291,0.83825,2.31708,0.00291,2.32333,2.30505,-4.54990,1.15317,-2.01282,-8.18545,-2.07850,0.00102,-2.07749,-2.08064,0.03188,0.00212,0.03606,0.02970,-2.05596,0.00068,-2.05486,-2.05702,-2.10104,0.00247,-2.09863,-2.10614,2.07059,0.58347,5.23545,1.03117,0.45511,0.14625,0.96042,0.10105,5.34408,2.51274,14.83233,1.16416
130,679.8505687713623,1073152,92.77419,2809.42794,97.20399,517.81437,37.54515,124.39060,233.09375,-0.00635,0.26107,0.61813,-0.73450,2.69659,0.41709,4.47895,1.85401,13.50757,7.25788,45.29169,4.38105,-20.92359,10.27087,-6.66074,-49.18246,6.43656,2.04859,14.93922,3.13330,322.01467,199.28962,1598.83533,38.64576,0.01107,0.01148,0.07326,-0.01611,1.30322,0.04679,1.44721,1.16581,1.01797,0.06015,1.18948,0.83280,2.32063,0.00197,2.32368,2.31151,-4.58773,1.22255,-1.80600,-8.37418,-2.08025,0.00032,-2.07961,-2.08086,0.03389,0.00175,0.03608,0.03060,-2.05628,0.00127,-2.05435,-2.05868,-2.10421,0.00129,-2.10195,-2.10615,2.22419,0.76288,7.65139,1.02382,0.42314,0.15161,0.97336,0.05220,5.74849,3.03121,17.95270,1.26808
140,689.0949363708496,1155072,99.86553,2746.63485,78.55799,519.21397,36.88014,132.88304,240.40625,0.10025,0.19408,0.63909,-0.43349,2.67833,0.45215,4.45044,1.77536,15.35781,8.79531,44.39581,4.09712,-20.93840,11.54350,-7.84490,-55.49172,6.06415,2.11504,19.93858,2.90003,309.14501,218.16877,1579.78528,47.98011,0.00961,0.00875,0.05674,-0.00989,1.30797,0.05030,1.44537,1.16175,1.01392,0.06716,1.22196,0.83375,2.31893,0.00276,2.32368,2.30384,-4.60930,1.26946,-2.32974,-8.67257,-2.07949,0.00089,-2.07771,-2.08088,0.03018,0.00061,0.03105,0.02901,-2.05815,0.00099,-2.05587,-2.05942,-2.10083,0.00098,-2.09945,-2.10271,2.17787,0.68618,6.32030,1.01386,0.42496,0.15789,0.97005,0.04207,5.73817,2.68408,16.90304,1.33780
150,669.5051603317261,1236992,100.81370,3445.23988,88.36911,517.93251,36.71298,114.74703,222.48438,0.07136,0.32582,0.77295,-0.72968,2.94803,0.42271,4.97689,2.04139,15.67401,6.67530,44.80255,5.15587,-25.07827,11.65920,-7.78170,-53.99602,7.08223,2.25555,23.46569,3.00296,365.29800,246.21617,1911.59680,42.80893,0.01156,0.01087,0.06228,-0.00860,1.29789,0.04892,1.44771,1.12176,1.01890,0.06765,1.22078,0.80271,2.31207,0.00360,2.31837,2.29610,-4.76704,1.28108,-2.25239,-9.18087,-2.07583,0.00159,-2.07364,-2.07826,0.03261,0.00083,0.03380,0.03089,-2.05278,0.00164,-2.05075,-2.05587,-2.09889,0.00175,-2.09580,-2.10104,2.36309,1.03411,13.75447,1.03837,0.39808,0.16444,0.94719,0.00891,6.49019,3.35284,19.28164,1.19907
160,705.7029676437378,1318912,102.75731,3289.71967,81.91484,519.35231,40.34739,145.87337,227.28125,-0.04348,0.27959,0.63862,-0.80105,3.32360,0.56451,5.04769,2.19747,22.22983,9.21875,45.75634,7.05651,-25.37971,11.45634,-6.85496,-52.00458,8.86572,3.29585,23.59231,3.55233,398.47441,303.79995,2156.16650,53.30077,0.01037,0.01068,0.06429,-0.01208,1.29137,0.04656,1.43091,1.12866,1.01428,0.06432,1.25913,0.85891,2.30793,0.00214,2.31036,2.29247,-4.61910,1.33341,-1.93878,-9.27248,-2.07389,0.00017,-2.07351,-2.07425,0.03208,0.00037,0.03277,0.03106,-2.05121,0.00030,-2.05071,-2.05187,-2.09657,0.00032,-2.09547,-2.09707,2.32929,0.98155,12.11434,1.05554,0.40636,0.15208,0.94780,0.04377,6.47501,3.31218,19.44137,1.60691
170,708.1606783866882,1400832,99.04455,3543.72441,105.87994,518.74681,39.36940,149.94435,232.20312,0.10796,0.35617,0.92116,-0.96737,3.31765,0.70951,5.48649,1.99332,21.82122,9.02694,45.19209,5.22513,-26.84652,10.67887,-5.72918,-49.81758,9.22772,4.08536,23.38280,3.38884,399.12193,259.58072,1448.19580,60.09825,0.01034,0.01006,0.05319,-0.01048,1.29216,0.04702,1.43862,1.13325,1.01217,0.06309,1.19254,0.84671,2.30515,0.00231,2.30922,2.29248,-4.60148,1.27393,-1.97073,-8.99406,-2.07250,0.00055,-2.07167,-2.07360,0.03047,0.00107,0.03274,0.02852,-2.05095,0.00098,-2.04896,-2.05250,-2.09404,0.00089,-2.09283,-2.09567,2.30554,0.81352,7.06062,1.03965,0.39762,0.15506,0.94040,0.02981,6.18293,3.16302,17.02283,1.30831
180,715.9251401424408,1482752,99.72202,3384.28864,105.47812,518.26404,39.17451,158.35919,223.20312,0.14684,0.22057,0.84878,-0.47356,3.29685,0.56085,5.38359,2.18569,16.12526,7.09072,39.48914,6.05366,-29.70242,9.66374,-9.70388,-52.49633,8.97760,3.22447,23.54575,3.11868,342.49806,259.43194,1847.40564,43.74134,0.00859,0.00886,0.04988,-0.01398,1.28383,0.04549,1.41716,1.16655,1.01962,0.06311,1.20329,0.85478,2.30414,0.00224,2.30741,2.28942,-4.71888,1.38836,-2.16932,-10.44967,-2.07197,0.00065,-2.07047,-2.07272,0.03100,0.00124,0.03287,0.02854,-2.05004,0.00078,-2.04786,-2.05167,-2.09389,0.00132,-2.09196,-2.09579,2.17948,0.62861,5.60341,1.05556,0.43052,0.14108,0.94031,0.11343,5.87263,2.86042,18.56957,1.19974
190,671.2042961120605,1564672,79.27100,3622.66965,93.60253,518.42246,39.45011,113.21195,206.28125,0.05552,0.20257,0.63612,-0.57186,2.95823,0.63662,5.05824,1.82322,16.38512,8.69993,46.57142,4.91786,-24.38659,10.47131,-6.44076,-54.96758,7.22313,3.30974,19.88085,2.88752,312.72801,236.44538,1776.47961,40.87363,0.00893,0.00943,0.07287,-0.01129,1.28361,0.04617,1.42432,1.12990,1.01145,0.06103,1.20399,0.79946,2.30237,0.00198,2.30583,2.29320,-4.48549,1.25667,-2.24103,-9.76574,-2.07109,0.00030,-2.07048,-2.07192,0.03282,0.00098,0.03475,0.03123,-2.04788,0.00050,-2.04680,-2.04873,-2.09430,0.00094,-2.09274,-2.09648,2.13201,0.57175,6.24247,1.02689,0.42372,0.14396,0.96220,0.02675,6.22909,2.96339,21.00751,1.27225
200,674.0536735057831,1646592,106.01345,3588.17810,93.24577,523.27440,39.63486,110.99133,207.65625,0.07294,0.24498,0.57009,-0.77083,2.61223,0.55416,4.51121,1.73350,15.31338,7.87656,47.08262,5.20580,-21.88690,11.33134,-5.67356,-49.42399,5.43075,2.12436,15.30721,2.30998,338.26799,203.02027,1183.76135,45.68517,0.01015,0.01021,0.05698,-0.01333,1.29141,0.04965,1.41379,1.08260,1.01988,0.06695,1.23153,0.84167,2.30427,0.00276,2.30895,2.29174,-4.69925,1.37949,-1.92382,-11.36649,-2.07215,0.00084,-2.07037,-2.07353,0.03475,0.00032,0.03544,0.03399,-2.04758,0.00086,-2.04614,-2.04934,-2.09672,0.00088,-2.09450,-2.09777,2.39074,0.96749,11.44953,1.03730,0.38650,0.16046,0.96933,0.01298,6.47172,3.18655,20.49166,1.93979
210,680.7921960353851,1728512,103.56295,3478.36944,101.74497,521.35025,38.20179,121.10950,221.73438,-0.04317,0.26256,0.67111,-0.68372,2.93071,0.52218,4.54216,1.85987,18.06009,9.01731,45.50350,5.54612,-25.19085,10.37330,-6.49417,-55.35310,6.67471,2.46967,20.61991,2.70461,357.81584,263.64284,1789.03625,48.92243,0.01051,0.01131,0.09837,-0.00893,1.28114,0.04500,1.40418,1.14672,1.02024,0.06453,1.25067,0.84557,2.30253,0.00206,2.30604,2.29180,-4.69855,1.33734,-1.83789,-10.65451,-2.07120,0.00043,-2.07059,-2.07205,0.03577,0.00096,0.03730,0.03434,-2.04590,0.00055,-2.04454,-2.04680,-2.09649,0.00100,-2.09503,-2.09824,2.41376,0.92939,11.59639,1.05175,0.37563,0.16640,0.95260,0.02858,6.59672,3.90884,41.74529,1.59128
220,703.1621069908142,1810432,103.34386,3562.66685,95.97995,521.92111,40.49979,140.44349,251.43750,-0.27468,0.25994,0.40690,-0.98586,2.97024,0.52640,4.90995,1.81362,17.18776,8.99276,46.96141,5.55585,-24.75607,10.72644,-7.20962,-54.58421,6.89263,2.38505,18.32454,2.88304,344.19952,206.37661,1336.98633,60.39935,0.01010,0.01128,0.07812,-0.01171,1.27386,0.04602,1.39899,1.12176,1.02837,0.06107,1.19150,0.86606,2.29704,0.00388,2.30330,2.28424,-4.78087,1.35184,-2.09977,-11.13775,-2.06842,0.00166,-2.06559,-2.07073,0.03860,0.00086,0.03994,0.03702,-2.04112,0.00220,-2.03761,-2.04453,-2.09571,0.00119,-2.09242,-2.09721,2.39751,1.12562,18.71826,1.07282,0.38080,0.15691,0.91624,0.04090,6.43169,3.25454,22.45454,1.43719
230,781.4838554859161,1892352,105.85843,3115.64050,90.12232,519.41189,39.65205,222.28567,284.03125,0.03520,0.26541,0.70182,-0.63422,2.70640,0.49747,5.31802,1.67546,15.96737,8.22771,43.28347,4.62107,-21.33794,11.00178,-5.89054,-54.04670,5.46833,2.08387,19.16692,2.01962,262.80505,183.87470,2009.91821,40.95141,0.00980,0.01065,0.08361,-0.01301,1.27150,0.04507,1.39313,1.11714,1.02324,0.06398,1.24634,0.84553,2.29264,0.00202,2.29579,2.28253,-4.77602,1.33471,-2.31849,-9.05546,-2.06618,0.00036,-2.06556,-2.06696,0.03719,0.00050,0.03801,0.03604,-2.03988,0.00042,-2.03869,-2.04059,-2.09247,0.00057,-2.09121,-2.09337,2.30732,0.71944,6.02150,1.03035,0.38738,0.15885,0.97320,0.03514,6.17968,3.02941,20.66164,1.52759
240,832.48601603508,1974272,98.53060,3189.56735,83.97602,519.96684,37.22982,275.11775,266.48438,0.02974,0.18603,0.48142,-0.57020,2.48226,0.33897,3.73019,1.75581,13.45694,7.20988,36.53286,4.98596,-17.63394,8.88120,-7.22359,-46.34199,4.99773,1.29889,11.87131,2.16871,287.05691,192.53322,1211.77490,30.47618,0.00908,0.00984,0.04509,-0.01762,1.27738,0.04630,1.42588,1.14236,1.01734,0.06527,1.24804,0.83797,2.28972,0.00220,2.29351,2.27410,-4.66589,1.31602,-2.15529,-9.87308,-2.06482,0.00054,-2.06380,-2.06587,0.03776,0.00103,0.03927,0.03473,-2.03812,0.00084,-2.03682,-2.03987,-2.09152,0.00097,-2.08898,-2.09246,2.24213,0.72998,6.98004,1.02567,0.41013,0.14770,0.97889,0.09745,6.03233,2.90400,19.70484,1.49681
250,739.6056482791901,2056192,98.11698,3208.45420,83.84838,515.18983,36.28868,187.88153,254.87500,0.05047,0.19339,0.50398,-0.61439,2.40813,0.59421,4.91363,1.59603,13.38448,8.00521,42.30965,4.85233,-18.73246,11.77132,-5.54685,-52.31193,4.64975,1.92677,15.67870,2.25841,302.42580,210.48383,1399.42590,31.51899,0.00812,0.00910,0.03972,-0.01411,1.27200,0.04575,1.37963,1.12039,1.01290,0.06097,1.21781,0.84286,2.28313,0.00422,2.29091,2.26937,-4.51579,1.17454,-2.18811,-11.73328,-2.06142,0.00193,-2.05925,-2.06447,0.03397,0.00047,0.03502,0.03316,-2.03739,0.00200,-2.03478,-2.04051,-2.08544,0.00191,-2.08304,-2.08896,2.16741,0.62284,5.56661,1.02098,0.42794,0.13807,0.98120,0.12011,5.71067,2.63446,15.65647,1.40062
260,721.7431297302246,2138112,97.16749,2734.85614,90.03650,518.66440,39.72546,163.22978,258.57812,0.10069,0.21510,0.68774,-0.57789,2.72088,0.56618,4.44678,1.56550,19.14916,9.01386,49.02379,5.31339,-22.01362,11.69435,-6.41644,-58.39112,5.46563,2.40837,19.76350,2.09956,282.03718,194.06140,1403.87610,41.36290,0.00939,0.00989,0.05340,-0.01581,1.25951,0.04398,1.39356,1.11656,1.02005,0.06021,1.21695,0.85179,2.27963,0.00189,2.28238,2.26987,-4.71845,1.27064,-2.25684,-10.52335,-2.05967,0.00024,-2.05927,-2.06015,0.03517,0.00087,0.03641,0.03333,-2.03480,0.00057,-2.03397,-2.03629,-2.08454,0.00074,-2.08333,-2.08569,2.31659,0.87485,8.75142,1.02530,0.41907,0.14637,0.97525,0.09631,5.93886,2.92181,19.10573,1.20310
270,763.2375597953796,2220032,83.09239,2690.81184,102.43771,516.49490,38.22040,208.43644,250.35938,0.06927,0.21362,0.59289,-0.53537,2.45059,0.46624,3.99700,1.48592,14.43009,8.15713,48.45371,4.69295,-19.02983,9.52126,-6.19338,-45.36028,4.79918,1.80060,15.33375,1.59639,252.55708,182.74322,987.10541,27.38257,0.00860,0.00883,0.04122,-0.01296,1.26040,0.04569,1.39022,1.13389,1.01719,0.06394,1.20016,0.86090,2.27653,0.00217,2.28126,2.26585,-4.69654,1.37552,-2.11487,-10.13509,-2.05818,0.00052,-2.05727,-2.05970,0.03464,0.00100,0.03635,0.03299,-2.03369,0.00039,-2.03298,-2.03440,-2.08268,0.00118,-2.08095,-2.08536,2.15492,0.57440,4.49487,1.04493,0.42466,0.14366,0.95878,0.10046,5.46156,2.47173,15.37005,1.47661
280,733.7792909145355,2301952,94.84297,3056.32658,98.27836,511.55208,36.78201,185.31963,259.01562,-0.01419,0.16331,0.38170,-0.54851,2.54415,0.50777,5.20410,1.66922,14.63721,7.71342,47.10464,4.35923,-21.19484,12.20238,-6.47403,-56.68034,5.16368,2.13555,15.48612,1.97205,281.11764,194.05964,1132.51990,22.97737,0.00919,0.01055,0.05021,-0.01082,1.25491,0.04766,1.38770,1.10189,1.01422,0.06282,1.33444,0.86755,2.27340,0.00222,2.27743,2.26394,-4.61822,1.21700,-2.18636,-9.76849,-2.05663,0.00056,-2.05545,-2.05766,0.03511,0.00065,0.03634,0.03395,-2.03180,0.00084,-2.03075,-2.03362,-2.08146,0.00059,-2.08008,-2.08229,2.15047,0.63971,6.07785,1.03795,0.42367,0.15169,0.97351,0.01339,5.66258,2.72396,15.26036,1.35949
290,769.2307353019714,2383872,109.63298,2550.62315,87.76713,513.08511,39.42811,216.50333,288.50000,-0.00213,0.20637,0.46926,-0.67473,2.26388,0.39431,3.97045,1.45859,12.84780,6.74373,32.86517,4.54007,-16.63584,9.58362,-5.68530,-45.92785,4.02803,1.29597,11.34411,1.94168,218.27728,146.59843,905.50848,20.81925,0.00802,0.00830,0.05197,-0.01657,1.26091,0.04519,1.37866,1.10396,1.01496,0.06765,1.28628,0.85287,2.27119,0.00240,2.27569,2.25826,-4.73708,1.40896,-2.04652,-10.15693,-2.05547,0.00072,-2.05320,-2.05691,0.03645,0.00142,0.03925,0.03461,-2.02969,0.00162,-2.02572,-2.03211,-2.08124,0.00066,-2.08034,-2.08237,2.03451,0.55636,5.61922,1.02409,0.45186,0.14456,0.97551,0.10276,5.07071,2.24381,16.56062,0.98904
300,825.0491273403168,2465792,95.95504,2067.63556,83.44721,512.13201,38.98339,273.85328,286.65625,-0.05292,0.19352,0.38737,-0.56288,2.53767,0.45584,4.34117,1.72888,13.07342,6.45475,38.63198,4.54267,-21.30992,10.78900,-5.79415,-55.39594,4.68485,1.56672,12.40442,2.13585,215.44614,143.96355,1186.83386,38.33637,0.00803,0.00904,0.04357,-0.01376,1.24829,0.04370,1.37401,1.08025,1.01829,0.06430,1.27986,0.85136,2.26379,0.00228,2.26821,2.25535,-4.73280,1.36447,-2.22422,-11.31142,-2.05183,0.00067,-2.05045,-2.05317,0.03754,0.00124,0.03920,0.03476,-2.02529,0.00048,-2.02418,-2.02627,-2.07838,0.00148,-2.07537,-2.08065,2.15878,0.62629,5.68292,1.03698,0.41780,0.15678,0.96597,0.03036,5.29627,2.66760,16.36707,0.83661
310,850.2504706382751,2547712,87.62611,2489.89652,85.57691,511.38609,39.48198,299.25336,415.93750,0.06933,0.19002,0.52187,-0.61943,2.45589,0.45456,3.98490,1.61481,12.77173,6.58634,35.69685,4.04379,-19.41151,9.89842,-7.46566,-52.21293,4.71108,1.69695,15.23013,2.22019,234.99993,162.45612,1187.74744,23.41102,0.00679,0.00836,0.05124,-0.01620,1.24073,0.04665,1.36494,1.11919,1.02205,0.06279,1.20534,0.81998,2.26254,0.00209,2.26581,2.25093,-4.65873,1.24340,-2.13556,-9.68462,-2.05118,0.00039,-2.05040,-2.05203,0.03510,0.00073,0.03662,0.03407,-2.02636,0.00078,-2.02516,-2.02786,-2.07600,0.00048,-2.07525,-2.07720,2.17794,0.71251,7.65647,1.03362,0.42168,0.14555,0.97032,0.10588,4.84892,2.01581,12.36279,1.58830
320,836.1274740695953,2629632,105.08054,2828.14455,96.26177,514.09981,40.79764,281.12764,267.03125,-0.02684,0.22476,0.55980,-0.68512,2.36081,0.41222,4.12916,1.50240,11.43169,6.16778,41.15105,3.68070,-19.54335,9.91707,-7.39822,-56.34270,4.66527,1.57527,16.94761,1.59680,228.51765,155.58700,963.16376,23.51451,0.00911,0.00845,0.03731,-0.01024,1.24332,0.04332,1.37795,1.06513,1.01365,0.05600,1.15668,0.84609,2.26081,0.00217,2.26419,2.25146,-4.67807,1.28433,-2.02581,-10.58307,-2.05027,0.00059,-2.04853,-2.05116,0.03413,0.00085,0.03647,0.03310,-2.02614,0.00071,-2.02450,-2.02711,-2.07441,0.00095,-2.07256,-2.07694,2.26298,0.70490,7.67798,1.03928,0.39467,0.15125,0.95825,0.00654,4.94163,2.08041,13.16910,1.44489
330,776.0946915149689,2711552,90.67898,2811.09477,95.61057,509.19409,42.76977,224.00886,269.50000,-0.12999,0.21376,0.43662,-0.77282,2.32348,0.41007,3.96954,1.46109,10.89288,5.88464,31.56660,4.23945,-19.42678,10.35983,-6.46838,-47.09680,4.13221,1.32382,13.43048,1.90444,215.61331,140.12599,919.70459,31.10156,0.00808,0.00924,0.04376,-0.01195,1.24487,0.04682,1.37183,1.07542,1.01144,0.06391,1.20553,0.85616,2.25750,0.00178,2.26017,2.24941,-4.68452,1.33972,-2.41794,-11.32927,-2.04859,0.00024,-2.04811,-2.04909,0.03500,0.00099,0.03715,0.03341,-2.02384,0.00075,-2.02194,-2.02494,-2.07334,0.00074,-2.07203,-2.07447,2.15364,0.60676,6.96110,1.03950,0.41947,0.15457,0.97451,0.08075,5.38176,2.32191,14.95934,1.51474
340,701.4041666984558,2793472,86.47781,3032.35666,87.89107,500.15592,42.56123,158.56141,230.98438,0.11162,0.19475,0.59376,-0.57822,2.51245,0.53426,5.08723,1.66051,15.44184,7.23587,41.19406,5.59802,-20.86470,11.63332,-5.88756,-53.32868,4.79357,2.19216,17.16927,1.56622,226.52303,151.92685,963.25208,33.96211,0.00742,0.00926,0.04848,-0.01233,1.24268,0.04501,1.37917,1.13917,1.01146,0.06481,1.21804,0.84677,2.25519,0.00228,2.25888,2.24500,-4.62257,1.27217,-2.45363,-8.83209,-2.04749,0.00066,-2.04617,-2.04848,0.03734,0.00034,0.03814,0.03680,-2.02109,0.00063,-2.01950,-2.02191,-2.07390,0.00076,-2.07275,-2.07510,2.22311,0.79277,8.67845,1.03700,0.41538,0.15209,0.95787,0.07931,5.10888,2.33342,14.42435,1.53146
350,846.0246467590332,2875392,99.39845,3456.19624,97.94990,510.96331,51.00792,283.92140,240.48438,0.13602,0.18535,0.70108,-0.40173,2.47570,0.39806,4.00861,1.61664,14.68509,6.74899,44.07917,5.31639,-19.01077,10.26197,-5.50651,-47.06031,4.34142,1.54161,13.35850,2.11148,194.49559,128.46472,1047.92346,38.72815,0.00615,0.00860,0.03541,-0.01738,1.23865,0.04716,1.39519,1.07835,1.01280,0.06649,1.19364,0.82101,2.25195,0.00248,2.25587,2.24110,-4.57665,1.36688,-2.02134,-11.16335,-2.04600,0.00067,-2.04449,-2.04690,0.03879,0.00104,0.04103,0.03768,-2.01857,0.00137,-2.01573,-2.01990,-2.07342,0.00031,-2.07269,-2.07395,2.10426,0.75477,11.67952,1.01692,0.43960,0.14823,0.98059,0.04898,5.19831,2.11516,12.87468,1.50580
360,737.3000283241272,2957312,112.65249,3755.07808,109.72174,528.17962,39.39309,169.48648,238.35938,0.03896,0.18808,0.52857,-0.51137,2.72837,0.45672,4.20580,1.75049,16.33120,8.99284,47.43420,5.05309,-23.27967,10.11840,-6.05772,-54.79781,5.58548,2.15982,15.60589,2.11381,222.23683,158.96307,1119.62097,38.80149,0.00698,0.00865,0.04394,-0.01443,1.23427,0.04631,1.35087,1.10703,1.01192,0.06363,1.17214,0.84956,2.24762,0.00231,2.25119,2.23768,-4.67447,1.29399,-2.03793,-10.35373,-2.04380,0.00058,-2.04294,-2.04459,0.03884,0.00059,0.04018,0.03782,-2.01634,0.00039,-2.01551,-2.01710,-2.07126,0.00093,-2.06999,-2.07290,2.14999,0.65080,6.76999,1.03523,0.41967,0.15718,0.97687,0.03191,5.20421,2.22795,12.48220,1.01943
370,762.3304553031921,3039232,101.91234,3649.59225,109.56554,524.10351,38.46143,199.68032,218.75000,0.09077,0.19760,0.65307,-0.47203,3.10678,0.50296,5.06433,1.99807,19.88175,10.65569,60.18904,5.18870,-26.85478,10.40597,-7.14773,-57.51764,7.11582,2.77316,19.75675,2.82722,218.44606,152.50015,1489.88721,33.68571,0.00808,0.00829,0.03532,-0.01331,1.23339,0.04618,1.38819,1.06189,1.01190,0.06096,1.21430,0.81975,2.24296,0.00278,2.24792,2.23186,-4.58087,1.16529,-1.89464,-8.05628,-2.04148,0.00083,-2.03983,-2.04294,0.03859,0.00071,0.03980,0.03771,-2.01419,0.00119,-2.01232,-2.01597,-2.06877,0.00068,-2.06720,-2.06998,2.23760,0.71490,8.39205,1.02443,0.40568,0.15301,0.97741,0.02892,5.79831,2.57765,14.19295,1.59640
380,751.0819711685181,3121152,120.18880,3707.25966,100.00486,524.53251,38.58890,187.75254,258.89062,0.08630,0.26040,0.68229,-0.64916,3.46251,0.62221,5.45047,2.16305,23.16042,10.68132,56.87304,6.88183,-27.78013,10.76175,-6.16062,-56.13318,9.43276,3.70943,25.35210,3.99834,270.46934,183.65611,1260.32019,44.25178,0.00767,0.01004,0.05133,-0.01493,1.22137,0.04781,1.34840,1.07238,1.01961,0.06267,1.21929,0.86855,2.24172,0.00206,2.24445,2.22919,-4.70251,1.28965,-2.33440,-10.03014,-2.04077,0.00032,-2.04009,-2.04126,0.03830,0.00096,0.03980,0.03588,-2.01369,0.00092,-2.01246,-2.01545,-2.06785,0.00053,-2.06619,-2.06899,2.15314,0.60557,8.35348,1.04281,0.40899,0.15298,0.96864,0.01246,6.04717,2.81181,19.35060,1.30559
390,779.4001617431641,3203072,118.65464,3649.67415,99.76108,523.15710,39.91720,216.12927,298.35938,-0.01637,0.17495,0.59294,-0.61931,3.38136,0.59859,5.36756,2.00002,18.39134,6.84047,52.20953,6.37792,-31.98868,12.06007,-8.64692,-58.59780,8.73883,3.73919,27.26296,2.44889,259.94762,182.52217,1207.29626,41.42891,0.00684,0.00905,0.04212,-0.01464,1.21956,0.04217,1.33746,1.08319,1.01644,0.06161,1.27408,0.85485,2.23903,0.00257,2.24373,2.22507,-4.75719,1.29129,-2.33010,-11.17568,-2.03948,0.00074,-2.03747,-2.04082,0.03649,0.00065,0.03762,0.03527,-2.01368,0.00104,-2.01160,-2.01550,-2.06528,0.00067,-2.06322,-2.06627,2.18137,0.63705,6.52661,1.02586,0.42690,0.13938,0.97128,0.08443,5.71314,2.47833,14.24090,1.65148
400,762.9434027671814,3284992,124.28210,3361.70076,102.22463,524.14175,39.63202,199.07108,289.73438,0.05306,0.23396,0.62346,-0.72961,3.21136,0.67897,6.13849,1.96230,15.47021,6.16018,41.41496,5.72868,-31.49063,11.47295,-8.42874,-56.14321,8.30934,3.78434,26.24830,2.84342,215.00036,128.70889,924.70886,45.14145,0.00739,0.00985,0.05676,-0.01328,1.21763,0.04441,1.33652,1.06393,1.01084,0.06247,1.25601,0.87484,2.23104,0.00372,2.23672,2.21756,-4.69227,1.22832,-2.14960,-8.41956,-2.03546,0.00155,-2.03322,-2.03746,0.03440,0.00108,0.03639,0.03244,-2.01113,0.00092,-2.00964,-2.01255,-2.05978,0.00227,-2.05647,-2.06319,2.20392,0.60619,5.35103,1.02474,0.40624,0.14545,0.97488,0.07922,5.99687,2.68003,15.24457,1.57558
410,903.4273445606232,3366912,109.56730,2964.33720,109.60796,522.94894,39.62402,340.73415,340.42188,0.15594,0.24496,0.82421,-0.62338,3.25751,0.79809,6.60251,2.04553,17.90556,11.80709,61.38316,6.10406,-28.08076,12.85170,-7.01835,-57.64994,8.07540,4.44163,28.74147,2.61969,220.71876,144.07118,1095.46338,46.25496,0.00787,0.00907,0.04202,-0.01269,1.20841,0.04663,1.33034,1.03881,1.01463,0.06536,1.23573,0.84088,2.22467,0.00307,2.22959,2.21302,-4.56844,1.15254,-2.09169,-9.23313,-2.03226,0.00116,-2.03038,-2.03377,0.03314,0.00034,0.03363,0.03216,-2.00882,0.00111,-2.00699,-2.01059,-2.05569,0.00126,-2.05361,-2.05754,2.29392,0.73026,7.41505,1.02211,0.39220,0.15280,0.97204,0.03843,5.68760,2.42873,14.29907,1.23637
420,782.2626161575317,3448832,118.09956,3545.03025,108.34483,521.60156,38.94486,221.60406,259.42188,0.14380,0.23762,0.69787,-0.83413,3.35927,0.64484,5.97134,1.99798,20.87359,10.50457,55.11732,6.62679,-27.97257,13.40587,-7.10027,-56.92266,8.59333,3.72008,21.14528,2.87621,249.44035,140.70590,876.96576,48.67279,0.00747,0.00959,0.05335,-0.01588,1.19971,0.04643,1.34776,1.06315,1.02485,0.06779,1.26366,0.84763,2.21945,0.00227,2.22294,2.20807,-4.72636,1.34859,-2.23953,-10.18716,-2.02971,0.00039,-2.02856,-2.03044,0.03098,0.00109,0.03282,0.02816,-2.00780,0.00059,-2.00687,-2.00891,-2.05162,0.00107,-2.04848,-2.05358,2.30655,0.74985,7.65604,1.04283,0.39472,0.15356,0.96064,0.06972,5.75076,2.51246,16.42482,1.69853
430,832.8097515106201,3530752,113.20154,3644.71535,125.59131,523.22407,38.34301,271.08867,265.39062,-0.02822,0.28655,0.73033,-0.88395,3.72636,0.70300,6.44377,2.15983,18.78500,7.99665,52.71819,6.40383,-33.01802,12.21550,-7.37330,-61.48925,10.84558,4.76854,34.16491,4.06417,307.63230,227.05277,1808.30481,47.99758,0.00711,0.00914,0.04983,-0.01383,1.19360,0.04623,1.33701,1.05157,1.02016,0.06840,1.26123,0.82769,2.21242,0.00294,2.21882,2.20123,-4.84023,1.48039,-2.40100,-12.29569,-2.02617,0.00104,-2.02453,-2.02853,0.02750,0.00154,0.02957,0.02494,-2.00672,0.00064,-2.00586,-2.00863,-2.04561,0.00203,-2.04217,-2.04844,2.34200,0.84713,8.36506,1.03478,0.38583,0.15997,0.97068,0.02724,5.72166,2.46361,17.35301,1.63343
440,776.8016133308411,3612672,132.70393,3415.39465,104.63348,524.58494,38.57135,213.44244,297.12500,-0.14076,0.20039,0.50760,-0.80817,3.85066,0.67096,5.66614,2.38686,21.26187,9.02361,50.18476,6.66729,-36.57416,10.95882,-10.49448,-59.82496,11.25634,4.42740,31.83583,3.43810,317.05379,194.87813,1264.01685,70.27243,0.00764,0.01027,0.04350,-0.01567,1.19138,0.04592,1.34693,1.05443,1.01966,0.06378,1.21679,0.83168,2.20620,0.00293,2.21145,2.19316,-4.85621,1.29395,-2.24140,-9.75403,-2.02299,0.00108,-2.02142,-2.02475,0.02507,0.00052,0.02605,0.02399,-2.00526,0.00098,-2.00359,-2.00696,-2.04072,0.00128,-2.03873,-2.04263,2.37016,0.98430,10.85540,1.03195,0.37062,0.16254,0.97169,0.00311,5.54081,2.70742,21.90009,1.35679
450,751.5720679759979,3694592,104.09092,3323.80148,112.23920,524.40848,39.75330,187.30512,260.56250,-0.05900,0.25323,0.50278,-0.76915,3.79322,0.56640,5.38390,2.43132,18.75978,7.12347,41.85250,6.54412,-35.24176,11.62225,-9.66420,-65.88309,11.04307,3.82974,24.45917,4.24669,289.54070,197.85386,1703.19958,49.96765,0.00560,0.00921,0.04284,-0.01920,1.18739,0.04464,1.31048,1.04668,1.01406,0.06262,1.19060,0.85606,2.20306,0.00264,2.20733,2.19377,-4.69984,1.25812,-2.31002,-9.99679,-2.02152,0.00079,-2.01931,-2.02268,0.02575,0.00079,0.02740,0.02450,-2.00331,0.00116,-1.99994,-2.00469,-2.03973,0.00073,-2.03855,-2.04126,2.26356,0.69649,6.77033,1.02630,0.40197,0.15236,0.95988,0.02581,5.34491,2.29195,14.43489,1.52985
460,789.8080611228943,3776512,117.98532,2923.21973,110.23806,520.63427,38.68158,230.39129,288.00000,0.10523,0.31848,0.72290,-1.01157,3.74820,0.77091,6.20671,2.26037,22.09129,9.24191,55.25662,7.12419,-31.47243,12.73865,-8.07595,-55.74963,10.94866,4.92555,29.91796,3.82744,293.68706,220.66435,1901.68250,51.36013,0.00674,0.00960,0.07032,-0.01680,1.17726,0.04670,1.30914,1.01664,1.01710,0.06365,1.29147,0.83971,2.19627,0.00206,2.20060,2.18408,-4.83317,1.40308,-2.32007,-11.87677,-2.01793,0.00059,-2.01723,-2.01930,0.02730,0.00095,0.02889,0.02480,-1.99863,0.00050,-1.99779,-1.99993,-2.03724,0.00116,-2.03491,-2.03926,2.25188,0.82441,10.40201,1.04763,0.39601,0.15241,0.96340,0.03147,5.67298,2.39806,16.77977,1.38478
470,779.6945397853851,3858432,98.86047,3003.47733,116.06488,521.85794,38.46606,219.26200,303.85938,-0.12125,0.24663,0.60220,-0.90391,3.62995,0.64798,5.74312,2.00889,19.43058,9.19151,54.62689,6.80335,-32.36430,12.28126,-9.93197,-60.38723,9.77955,3.76818,27.59568,3.63711,284.46013,193.79629,1449.45972,46.02036,0.00727,0.00951,0.05561,-0.01355,1.17936,0.04764,1.32048,1.03867,1.01282,0.06514,1.22779,0.82695,2.19216,0.00265,2.19674,2.17897,-4.82061,1.33209,-2.15478,-10.35836,-2.01600,0.00085,-2.01397,-2.01737,0.02116,0.00163,0.02475,0.01912,-2.00104,0.00060,-1.99979,-2.00210,-2.03097,0.00194,-2.02815,-2.03487,2.29787,0.73498,8.04162,1.03005,0.37519,0.16284,0.95723,0.06037,5.61111,2.23808,14.79510,1.44085
480,950.7308230400085,3940352,118.00142,2169.63376,103.42904,521.90096,38.39155,390.33424,394.98438,-0.01941,0.25317,0.61915,-0.70805,3.55999,0.67211,5.65878,2.21072,22.43678,10.74716,53.73740,5.76975,-31.16579,11.67561,-9.32214,-53.69526,9.50609,3.96702,26.64188,3.94487,247.31153,139.61351,1032.93262,57.22438,0.00682,0.00966,0.04605,-0.01696,1.15682,0.04731,1.27927,1.00369,1.02850,0.06733,1.25064,0.85215,2.18522,0.00243,2.18988,2.16880,-4.87247,1.42919,-2.44923,-12.58881,-2.01250,0.00064,-2.01119,-2.01395,0.01836,0.00120,0.02040,0.01584,-1.99951,0.00051,-1.99848,-2.00073,-2.02548,0.00142,-2.02240,-2.02820,2.40255,0.97708,11.58776,1.03761,0.36326,0.17612,0.96801,0.00343,5.20823,2.03900,12.79339,1.46890
490,952.2177271842957,4022272,115.26965,1907.02955,124.21576,527.37550,36.37697,388.34556,385.37500,0.04003,0.22553,0.55728,-0.80534,3.41276,0.71210,5.88692,2.02502,19.37606,8.10142,46.80370,6.39133,-30.77282,12.51380,-9.26829,-59.83080,8.84178,3.98043,27.40782,3.06153,233.57457,143.86016,1063.25513,37.97915,0.00678,0.00892,0.03983,-0.01633,1.16347,0.04401,1.29363,1.02309,1.02306,0.06387,1.35208,0.83412,2.18106,0.00251,2.18459,2.16752,-4.76343,1.20755,-2.26093,-8.80472,-2.01045,0.00075,-2.00829,-2.01137,0.01630,0.00096,0.01756,0.01478,-1.99892,0.00138,-1.99593,-2.00054,-2.02197,0.00038,-2.02066,-2.02248,2.36137,0.86418,14.32205,1.02542,0.36060,0.16321,0.97576,0.01511,5.24742,1.96047,11.62210,1.76006
500,786.4580018520355,4104192,83.52716,3362.42926,95.88973,521.79663,41.91019,222.63038,204.18750,-0.09056,0.25427,0.55282,-0.71504,3.54941,0.67670,5.46026,2.07987,18.62856,7.99061,42.09054,6.31021,-28.83503,11.44872,-9.75509,-54.18374,9.16408,3.70483,25.91403,3.04742,273.97552,166.72820,1007.04663,48.60881,0.00545,0.00836,0.04772,-0.01617,1.16194,0.04567,1.27589,0.99424,1.00903,0.06381,1.23020,0.83264,2.17311,0.00297,2.17806,2.15815,-4.75992,1.35139,-2.28346,-10.09089,-2.00660,0.00105,-2.00448,-2.00826,0.01736,0.00035,0.01811,0.01674,-1.99432,0.00098,-1.99220,-1.99589,-2.01888,0.00117,-2.01677,-2.02063,2.14513,0.76932,12.30543,1.03021,0.43053,0.15062,0.97339,0.02884,5.38857,2.22314,15.40877,1.95382
510,773.2635431289673,4186112,98.32656,3457.76371,115.29202,523.15470,41.08552,208.90924,221.54688,-0.00590,0.33427,0.84249,-0.92274,4.09079,0.75209,6.85018,2.28052,24.42869,10.72662,52.81448,6.72466,-34.83899,13.33168,-9.58955,-63.19899,12.82104,5.72454,40.19280,3.89894,323.17078,212.65171,1402.96631,63.17867,0.00738,0.01247,0.18705,-0.01684,1.15012,0.04822,1.29694,0.97796,1.02007,0.06709,1.22686,0.84486,2.16632,0.00289,2.17119,2.15392,-4.76867,1.39479,-2.54781,-12.31741,-2.00309,0.00107,-2.00097,-2.00458,0.01718,0.00065,0.01812,0.01601,-1.99094,0.00074,-1.98918,-1.99219,-2.01524,0.00147,-2.01273,-2.01734,2.33101,1.55259,31.11133,1.03100,0.38898,0.15842,0.97098,0.00799,5.85034,3.11942,44.78757,1.57580
520,770.4653689861298,4268032,138.06734,3606.44208,127.47304,523.48315,42.74269,204.02964,280.12500,0.06057,0.25824,0.89001,-0.79947,4.12757,0.81292,7.35331,2.46142,24.92484,11.06941,62.82651,5.97433,-35.75263,13.01525,-10.06331,-64.53402,12.85909,5.90850,55.78618,4.15758,301.15756,188.74673,1221.89307,50.19006,0.00491,0.00846,0.03139,-0.01609,1.13421,0.04664,1.27880,1.02921,1.02393,0.06286,1.24909,0.85144,2.15721,0.00432,2.16397,2.14367,-4.86802,1.34033,-2.45392,-10.22377,-1.99854,0.00187,-1.99545,-2.00095,0.01710,0.00040,0.01790,0.01646,-1.98645,0.00187,-1.98355,-1.98922,-2.01064,0.00191,-2.00735,-2.01320,2.24933,0.79759,10.86217,1.03844,0.40661,0.15239,0.95631,0.05903,5.61018,2.26570,14.78467,2.00567
530,757.5394921302795,4349952,126.91446,3889.09225,129.05402,518.09322,43.88933,195.46127,279.71875,-0.01836,0.27093,0.73033,-0.72848,3.77159,0.55432,5.54609,2.51389,23.22226,10.86477,63.12697,7.32436,-33.51973,11.78900,-10.08464,-63.11628,10.63793,4.18712,29.46447,4.39159,300.30023,233.08476,2456.92285,67.34900,0.00569,0.00860,0.03812,-0.02062,1.13606,0.04792,1.28315,1.00009,1.01470,0.06695,1.24100,0.83693,2.14832,0.00240,2.15241,2.13454,-4.74883,1.34673,-1.99761,-11.45866,-1.99416,0.00060,-1.99318,-1.99544,0.01618,0.00084,0.01786,0.01512,-1.98272,0.00103,-1.98112,-1.98411,-2.00560,0.00061,-2.00487,-2.00735,2.16264,0.66803,6.97725,1.03210,0.42854,0.15870,0.95650,0.03134,5.88955,2.42650,14.81503,1.61181
540,783.3167750835419,4431872,136.60885,3621.97777,146.33410,516.62284,46.24937,220.34684,282.43750,-0.12779,0.31823,0.66120,-1.05838,4.08412,0.68643,6.58770,2.71151,25.09973,9.51471,47.25554,8.66513,-34.44707,12.09173,-9.07161,-63.65438,12.64743,5.06171,35.36414,4.85912,345.59532,226.77368,1949.61230,71.38030,0.00711,0.00994,0.07554,-0.01641,1.12756,0.04377,1.25637,0.98350,1.01032,0.06145,1.19044,0.84750,2.14531,0.00202,2.14935,2.13735,-4.58114,1.05824,-2.32263,-8.65935,-1.99253,0.00054,-1.99151,-1.99375,0.01899,0.00071,0.02021,0.01787,-1.97910,0.00099,-1.97722,-1.98111,-2.00595,0.00031,-2.00542,-2.00666,2.16591,0.59902,4.88412,1.03033,0.40309,0.15446,0.96903,0.05245,6.02333,2.59518,14.86571,1.79094
550,760.7108352184296,4513792,129.85097,3912.61645,119.56466,517.81842,45.07482,197.71659,261.50000,0.14274,0.19941,0.80447,-0.43948,3.75467,0.61695,5.93473,2.24898,24.30599,11.63862,64.04232,7.41442,-33.71937,11.21550,-8.54988,-59.53766,10.94960,4.21565,29.63387,4.10686,327.17142,224.91428,1622.33533,59.56095,0.00609,0.00909,0.05417,-0.01415,1.12622,0.04221,1.24933,1.01193,1.01376,0.05782,1.17594,0.83807,2.14306,0.00214,2.14733,2.13303,-4.71416,1.16656,-2.41617,-10.70564,-1.99137,0.00055,-1.99074,-1.99267,0.01887,0.00056,0.01993,0.01802,-1.97803,0.00082,-1.97676,-1.97972,-2.00471,0.00049,-2.00349,-2.00564,2.23533,0.77031,8.10782,1.02407,0.40374,0.16086,0.98149,0.02094,6.10422,2.69269,18.66389,1.56562
560,745.736822605133,4595712,131.31843,3680.28851,107.46425,524.65982,42.15566,178.81516,255.79688,0.05836,0.21307,0.62401,-0.49914,4.11079,0.62182,5.69855,2.62008,25.03115,10.79738,64.14254,9.06793,-37.28991,12.36340,-9.07927,-61.86309,12.58263,4.51537,32.12605,4.71027,344.59209,203.97107,1511.51843,83.02735,0.00695,0.01005,0.04932,-0.01714,1.12252,0.04621,1.24096,0.99342,1.01650,0.06465,1.19928,0.83781,2.13942,0.00275,2.14440,2.12627,-4.82014,1.25680,-2.23030,-9.88286,-1.98958,0.00094,-1.98819,-1.99124,0.01702,0.00080,0.01853,0.01586,-1.97755,0.00127,-1.97524,-1.97923,-2.00162,0.00088,-2.00034,-2.00349,2.29436,0.88986,12.70186,1.03745,0.41263,0.14692,0.96843,0.05882,6.19925,2.68905,15.50634,1.98703
570,750.8123388290405,4677632,150.85848,3743.12550,102.70142,523.85237,40.37943,186.46079,279.64062,0.03307,0.28232,0.76338,-0.77876,4.04805,0.73639,6.40759,2.35424,24.70899,8.84140,51.21740,9.32354,-33.29449,13.93385,-7.78965,-62.56139,12.46832,5.37991,34.81676,4.76663,301.88895,181.51913,1378.68164,66.17140,0.00726,0.01090,0.05381,-0.01518,1.11827,0.04605,1.25615,0.97591,1.01902,0.06379,1.24846,0.85820,2.13719,0.00225,2.14081,2.12328,-4.74255,1.29566,-2.25605,-9.46171,-1.98852,0.00050,-1.98778,-1.98948,0.01869,0.00062,0.02018,0.01786,-1.97530,0.00043,-1.97470,-1.97624,-2.00173,0.00084,-2.00041,-2.00350,2.26405,0.73005,6.92738,1.02401,0.42288,0.14767,0.98842,0.04619,6.39294,2.87949,17.52555,2.03152
580,741.8327317237854,4759552,125.76199,3907.83098,117.96114,522.83535,43.33403,175.45531,284.54688,0.08229,0.30366,0.75397,-0.97697,3.75061,0.70464,5.81955,2.37235,21.63485,9.52570,51.13155,7.54845,-30.58257,12.33104,-7.18957,-62.51699,11.06430,4.72561,33.57188,3.89492,332.59899,234.08064,1639.99194,51.91088,0.00615,0.00934,0.04339,-0.01539,1.11728,0.04516,1.24848,1.00184,1.02423,0.06040,1.21680,0.83813,2.13695,0.00233,2.14093,2.12742,-4.93878,1.30029,-2.66212,-10.25139,-1.98837,0.00076,-1.98690,-1.98964,0.02093,0.00032,0.02160,0.02016,-1.97357,0.00092,-1.97187,-1.97502,-2.00318,0.00062,-2.00193,-2.00448,2.15032,0.57665,5.52978,1.02141,0.43106,0.15695,0.97559,0.01585,6.35933,2.70273,15.04840,1.56724
590,859.8227872848511,4841472,116.33399,3421.36613,130.94516,522.51476,42.02465,295.20106,273.09375,0.06781,0.27561,0.78564,-0.65715,3.63030,0.67031,6.14748,2.03411,20.01323,8.36005,59.69307,6.91513,-33.93908,13.89553,-7.31294,-70.64155,10.10736,4.27133,25.62509,3.11867,313.68304,227.31732,1567.19702,50.13086,0.00592,0.00926,0.04657,-0.02039,1.11106,0.04491,1.23851,0.93294,1.01772,0.06102,1.21939,0.82878,2.13117,0.00247,2.13595,2.12087,-4.74832,1.26127,-1.91986,-9.55535,-1.98542,0.00090,-1.98392,-1.98704,0.02331,0.00171,0.02613,0.02071,-1.96894,0.00209,-1.96570,-1.97227,-2.00190,0.00039,-2.00131,-2.00291,2.17719,0.60670,5.32635,1.02985,0.41662,0.14965,0.96495,0.06986,5.62556,2.49393,16.76280,1.50919
600,784.617436170578,4923392,139.79918,2799.65481,144.72824,522.91006,39.98759,221.61141,296.14062,0.04874,0.25987,0.80562,-0.60445,3.87345,0.87736,6.46194,2.05098,26.28756,13.12817,57.61255,5.96191,-33.09750,12.24951,-8.17955,-67.96095,10.97300,5.52051,37.29610,3.51900,292.21827,195.64336,1314.00879,41.96821,0.00672,0.00963,0.05738,-0.01405,1.10462,0.04713,1.23512,0.97875,1.02185,0.06491,1.25426,0.83295,2.12841,0.00228,2.13173,2.11767,-4.88543,1.29621,-2.12329,-11.26581,-1.98418,0.00040,-1.98358,-1.98484,0.02761,0.00067,0.02850,0.02599,-1.96466,0.00076,-1.96354,-1.96634,-2.00371,0.00045,-2.00292,-2.00466,2.28437,0.69348,9.72949,1.03356,0.38772,0.15639,0.96971,0.02858,5.59973,2.25161,16.96937,1.61274
610,784.0098345279694,5005312,131.96793,3799.77594,128.30199,524.38200,38.56744,220.96816,304.57812,0.01226,0.32497,0.79386,-0.80834,3.69516,0.65929,5.90673,2.23288,22.10170,9.31776,53.83232,7.33667,-32.64088,12.92425,-9.53096,-61.50078,10.40853,4.54874,26.93148,3.79771,333.84633,233.31424,1503.05151,62.86352,0.00575,0.00937,0.04804,-0.01680,1.10918,0.04772,1.25164,0.89232,1.01695,0.06198,1.19712,0.85346,2.12454,0.00267,2.12933,2.11553,-4.86505,1.25886,-2.42627,-9.29551,-1.98212,0.00095,-1.98078,-1.98375,0.02531,0.00119,0.02826,0.02386,-1.96422,0.00040,-1.96351,-1.96489,-2.00001,0.00175,-1.99783,-2.00373,2.27552,1.59341,33.40511,1.03537,0.40541,0.15228,0.96756,0.00453,5.75266,2.42456,19.00398,1.63023
620,734.2171499729156,5087232,129.43511,3954.00697,124.08300,524.60473,40.92498,168.58859,266.68750,0.03668,0.23636,0.63652,-0.63490,3.48966,0.53687,5.40867,2.28959,21.35620,8.92573,53.93755,7.44259,-30.96870,11.05542,-9.55742,-62.33233,8.89019,3.63148,30.08942,3.26708,267.21022,194.01474,1448.64087,47.38703,0.00529,0.00921,0.04243,-0.01676,1.09889,0.04438,1.24286,0.95322,1.02267,0.06473,1.30605,0.82837,2.12176,0.00239,2.12525,2.10068,-4.93741,1.42568,-2.41757,-11.15200,-1.98084,0.00057,-1.97978,-1.98163,0.02432,0.00047,0.02531,0.02356,-1.96365,0.00049,-1.96233,-1.96427,-1.99804,0.00078,-1.99709,-1.99942,2.17223,0.63917,7.19447,1.02830,0.42347,0.15521,0.96989,0.01525,5.89953,2.34955,17.27565,1.65089
630,747.7785274982452,5169152,133.13474,3554.80517,120.24723,523.19680,38.95863,185.52900,283.06250,0.06040,0.20914,0.51891,-0.69728,3.64246,0.84886,6.42018,1.79299,23.95078,9.26810,47.39225,6.99500,-32.34567,13.79659,-6.17689,-70.06117,10.30610,5.85425,33.89516,2.85535,268.01146,192.32719,1733.06921,47.85057,0.00523,0.00965,0.04201,-0.01876,1.10297,0.04841,1.24032,0.96324,1.02228,0.06431,1.22477,0.85609,2.12200,0.00229,2.12592,2.10839,-4.85822,1.24795,-2.10336,-9.39258,-1.98093,0.00057,-1.97994,-1.98198,0.02486,0.00043,0.02575,0.02410,-1.96335,0.00074,-1.96206,-1.96474,-1.99850,0.00053,-1.99749,-1.99945,2.21433,0.57031,6.29952,1.02998,0.41288,0.14311,0.96369,0.04195,5.47769,2.36638,16.49647,1.84336
640,739.0808727741241,5251072,139.29749,3858.66440,145.17096,518.08811,39.76793,181.01738,283.84375,0.15687,0.26024,0.78498,-0.47540,3.46809,0.58904,5.77979,2.18305,20.16855,10.44030,56.20597,5.67542,-31.50444,12.43747,-8.37081,-61.91747,8.96256,3.77747,29.95208,3.78592,235.24541,157.06591,1503.34265,48.87148,0.00549,0.00876,0.03341,-0.01398,1.09911,0.04651,1.21326,0.95419,1.01839,0.06436,1.33099,0.84664,2.12005,0.00198,2.12304,2.10695,-4.76130,1.27882,-2.22476,-9.39411,-1.97994,0.00032,-1.97951,-1.98057,0.02223,0.00108,0.02447,0.02077,-1.96422,0.00054,-1.96312,-1.96499,-1.99566,0.00104,-1.99424,-1.99779,2.20487,0.69478,8.94509,1.02886,0.41866,0.15048,0.97244,0.05211,5.47701,2.31636,16.45485,1.33415
650,758.7882468700409,5332992,123.71422,3939.54861,150.26991,517.74041,41.62722,199.33678,261.85938,0.06937,0.18288,0.66132,-0.44645,3.19292,0.70914,6.17015,1.99116,20.65575,10.50682,49.02174,5.87096,-28.99114,12.84486,-7.71583,-62.90251,7.19503,3.65160,26.73264,2.59310,208.77733,124.66798,724.31537,45.05702,0.00561,0.00851,0.04024,-0.01683,1.10398,0.04424,1.22242,0.97157,1.00598,0.05911,1.16607,0.83290,2.11642,0.00240,2.12105,2.10504,-4.58718,1.15622,-2.58517,-8.04823,-1.97810,0.00062,-1.97749,-1.97953,0.01954,0.00057,0.02077,0.01842,-1.96428,0.00030,-1.96392,-1.96500,-1.99192,0.00100,-1.99056,-1.99422,2.14469,0.61255,6.73531,1.01767,0.43402,0.15423,0.97924,0.04754,5.86856,2.31397,14.77665,2.03541
660,787.8350939750671,5414912,138.01973,3800.64329,112.27978,518.32383,38.54907,230.86454,280.10938,-0.10572,0.17887,0.42678,-0.61699,3.47363,0.63743,5.50002,2.00891,20.88305,10.37728,62.59554,6.69106,-33.01821,12.47056,-7.10430,-61.72409,8.50419,3.92447,27.27532,3.00551,301.98807,211.76414,1348.01843,41.40585,0.00630,0.00984,0.04698,-0.01533,1.09691,0.04535,1.22243,0.95902,1.01615,0.06387,1.23590,0.84930,2.11256,0.00259,2.11751,2.09376,-4.85990,1.33566,-2.61750,-8.87327,-1.97615,0.00096,-1.97511,-1.97772,0.01846,0.00051,0.01937,0.01760,-1.96309,0.00088,-1.96214,-1.96485,-1.98920,0.00116,-1.98763,-1.99072,2.17981,0.66624,7.47774,1.02473,0.42029,0.14815,0.96215,0.06713,5.70041,2.55869,15.63616,1.22029
670,735.7048938274384,5496832,127.31418,3775.65762,118.84384,518.95797,37.84598,178.79561,287.81250,0.09382,0.26508,0.65751,-0.74620,3.39434,0.63430,5.64691,1.99680,22.00843,9.98814,51.85008,6.72131,-31.43578,13.07524,-7.24975,-63.24151,8.64670,3.89280,25.08313,3.01364,272.50504,191.13202,1377.80066,50.22510,0.00437,0.00875,0.03596,-0.01792,1.09873,0.04752,1.26021,0.90251,1.01717,0.06218,1.18229,0.84157,2.11126,0.00190,2.11398,2.09303,-4.88783,1.37337,-2.11691,-10.77667,-1.97552,0.00020,-1.97513,-1.97593,0.01594,0.00082,0.01770,0.01477,-1.96425,0.00063,-1.96312,-1.96534,-1.98679,0.00061,-1.98599,-1.98823,2.08948,0.52071,4.27289,1.02552,0.43197,0.15171,0.96776,0.01376,5.64715,2.26366,14.65778,1.37162
680,748.5287642478943,5578752,134.78601,3974.54414,143.39696,523.77986,39.29438,185.26452,294.90625,0.15974,0.21318,0.70743,-0.51896,3.85283,0.63387,5.57290,1.97589,24.93233,10.00750,47.90142,6.11472,-36.07606,11.48575,-11.73637,-57.04623,11.34870,4.38036,28.08402,2.87735,306.13810,184.23610,1129.13208,41.78027,0.00351,0.00880,0.05287,-0.01899,1.09716,0.04840,1.24796,0.94440,1.01367,0.06475,1.22625,0.82057,2.11020,0.00214,2.11356,2.09947,-4.83611,1.25897,-1.87617,-9.53935,-1.97504,0.00047,-1.97344,-1.97579,0.01480,0.00068,0.01642,0.01366,-1.96457,0.00054,-1.96327,-1.96564,-1.98551,0.00079,-1.98360,-1.98685,2.09047,0.55960,8.78953,1.03689,0.43177,0.14228,0.97936,0.06447,5.23630,2.23199,17.42402,1.55086
690,744.7754781246185,5660672,121.09036,3893.03468,122.78974,523.93706,38.69349,182.06256,262.79688,0.08828,0.30032,0.87224,-0.80640,3.88556,0.62383,6.10753,2.26571,23.87982,10.87888,60.87284,6.94513,-36.28628,12.70548,-10.20862,-63.46385,10.61213,4.27372,27.70286,3.46748,340.44126,217.47744,1496.24243,52.85879,0.00522,0.00869,0.04707,-0.01406,1.08888,0.04380,1.21872,0.96818,1.01908,0.06327,1.28886,0.82874,2.10399,0.00262,2.10798,2.09135,-4.82921,1.29037,-2.40843,-10.19053,-1.97198,0.00074,-1.97044,-1.97341,0.01423,0.00049,0.01487,0.01334,-1.96192,0.00083,-1.96049,-1.96324,-1.98204,0.00080,-1.98023,-1.98359,2.13904,0.60059,5.82952,1.02803,0.42524,0.14897,0.97048,0.08386,5.72213,2.34209,17.09343,1.74110
700,785.024872303009,5742592,121.37963,4010.24079,137.43067,521.93953,40.93512,222.06114,275.53125,0.32070,0.22946,0.94022,-0.33144,3.74111,0.62062,5.33166,2.17298,26.61758,9.88877,46.38666,6.14408,-32.29221,11.05437,-8.31413,-59.05634,9.73360,3.94312,25.84830,2.90126,289.13935,213.61511,1911.06836,53.94120,0.00539,0.00929,0.05029,-0.01524,1.09240,0.04081,1.19827,0.96587,1.00505,0.05963,1.21200,0.83417,2.10081,0.00214,2.10438,2.09345,-4.74502,1.15940,-2.36040,-8.65233,-1.97036,0.00050,-1.96939,-1.97115,0.01486,0.00077,0.01603,0.01363,-1.95985,0.00096,-1.95861,-1.96144,-1.98086,0.00040,-1.98004,-1.98154,2.17835,0.58256,5.48902,1.02323,0.41892,0.14632,0.98169,0.04019,5.67567,2.35045,14.89990,1.51436
710,763.5791022777557,5824512,134.30618,3749.97658,148.62720,521.96900,39.19538,202.31371,314.31250,0.02628,0.30873,1.10369,-0.86412,3.44248,0.71301,6.08404,2.16791,21.43828,12.39316,62.43985,5.36653,-29.62345,12.47249,-6.59027,-62.46086,7.99104,3.68827,24.71458,3.11846,260.99621,183.94038,1125.43176,48.10008,0.00628,0.00974,0.03720,-0.01992,1.07590,0.04584,1.21381,0.92984,1.03191,0.06462,1.24831,0.85683,2.09909,0.00196,2.10216,2.08828,-5.09676,1.58519,-2.44752,-13.72279,-1.96940,0.00041,-1.96859,-1.97012,0.01596,0.00074,0.01685,0.01461,-1.95811,0.00050,-1.95747,-1.95922,-1.98068,0.00080,-1.97956,-1.98192,2.32373,0.81533,8.32905,1.02734,0.39350,0.15085,0.97224,0.01358,6.17438,2.67143,16.81039,1.74428
720,750.0054697990417,5906432,133.16035,3288.76962,121.09949,525.06763,38.49461,186.35383,275.07812,0.02383,0.22516,0.73358,-0.59938,3.35918,0.68246,5.77488,1.74241,21.20759,10.11843,52.65515,6.77169,-31.95266,14.74788,-6.24153,-66.30427,8.01105,3.67219,23.25699,2.75131,238.50260,166.44572,1401.49536,44.41363,0.00477,0.00915,0.04672,-0.01589,1.09082,0.04783,1.22286,0.95454,1.01228,0.06627,1.20020,0.84637,2.09713,0.00237,2.10031,2.08657,-4.77205,1.32393,-2.23451,-9.51335,-1.96852,0.00059,-1.96729,-1.96918,0.01558,0.00072,0.01643,0.01370,-1.95750,0.00066,-1.95627,-1.95858,-1.97954,0.00088,-1.97787,-1.98051,2.11768,0.54355,5.37611,1.02778,0.41547,0.15281,0.95882,0.05949,5.08299,2.01851,14.12257,1.93741
730,799.910391330719,5988352,134.54285,3617.96624,138.65397,526.19325,41.47977,232.13778,300.87500,0.09310,0.22543,0.74596,-0.66787,3.21708,0.74346,5.64530,1.71817,20.85250,9.29735,48.42639,6.42768,-28.29512,13.59690,-6.97069,-59.35152,7.60379,4.02340,30.94063,2.77463,228.27794,164.66391,1241.82605,39.42531,0.00613,0.00949,0.05083,-0.01510,1.08427,0.04421,1.20058,0.94814,1.01400,0.06591,1.29576,0.83957,2.09340,0.00233,2.09834,2.08063,-4.82468,1.23309,-2.28379,-10.34092,-1.96655,0.00072,-1.96584,-1.96830,0.01277,0.00073,0.01391,0.01138,-1.95752,0.00039,-1.95682,-1.95858,-1.97558,0.00119,-1.97394,-1.97802,2.27525,0.76889,6.84529,1.02514,0.41542,0.15410,0.97107,0.05804,5.75737,2.47184,18.52040,1.61730
740,772.2192449569702,6070272,150.85770,3807.80948,126.91960,520.51720,43.28334,208.29485,289.93750,0.07815,0.26037,0.76631,-0.78547,3.63299,0.68217,5.74943,2.26404,25.01336,10.39867,52.28250,6.94838,-32.00670,13.83637,-8.10531,-64.66795,9.49772,4.36868,33.00490,3.04419,272.76198,177.12361,1340.75110,58.55787,0.00534,0.00830,0.04014,-0.01606,1.07743,0.04691,1.21371,0.90298,1.01447,0.06191,1.22633,0.83591,2.09055,0.00222,2.09419,2.07914,-4.73771,1.19434,-2.46233,-11.98767,-1.96519,0.00057,-1.96421,-1.96606,0.01402,0.00054,0.01480,0.01287,-1.95527,0.00086,-1.95392,-1.95694,-1.97511,0.00044,-1.97442,-1.97610,2.16690,0.65923,6.53059,1.03371,0.42019,0.14714,0.97995,0.03476,5.65212,2.18621,14.16566,1.96166
750,811.8429067134857,6152192,127.33506,2694.05094,131.37082,571.97009,50.03002,189.71480,277.98438,0.06421,0.19484,0.65578,-0.48629,3.59137,0.67672,5.60898,1.91739,22.00388,10.36993,53.00865,5.59264,-34.48484,12.00642,-9.33305,-60.46568,9.65516,4.25116,27.31060,2.72473,249.70228,164.70357,997.95721,49.19270,0.00498,0.00878,0.03864,-0.01750,1.08137,0.04278,1.22950,0.95661,1.00229,0.06057,1.20440,0.84276,2.08701,0.00320,2.09289,2.06327,-4.65959,1.33337,-2.21315,-11.21376,-1.96340,0.00114,-1.96156,-1.96557,0.01448,0.00047,0.01499,0.01297,-1.95316,0.00092,-1.95160,-1.95529,-1.97364,0.00141,-1.97089,-1.97586,2.17622,0.59483,5.77068,1.02866,0.42974,0.13960,0.97436,0.12424,5.50200,2.24525,15.78018,1.75043
760,835.2075695991516,6234112,128.47180,3361.18735,141.08059,558.96328,48.28658,227.87230,300.68750,0.05934,0.21739,0.61510,-0.68872,3.40317,0.75401,6.51090,1.67413,20.20164,9.85007,50.78704,5.70186,-32.08615,13.31580,-6.47476,-62.83977,8.64399,4.72087,34.99972,2.53993,269.82093,213.57584,1901.53735,51.88929,0.00535,0.00867,0.04198,-0.01356,1.06650,0.04640,1.20488,0.92143,1.02015,0.06503,1.22195,0.84340,2.08218,0.00220,2.08555,2.06805,-4.84493,1.28855,-2.37441,-12.27912,-1.96101,0.00040,-1.96032,-1.96181,0.01374,0.00029,0.01416,0.01287,-1.95130,0.00054,-1.95055,-1.95271,-1.97072,0.00032,-1.97007,-1.97110,2.12247,0.59292,6.07787,1.02376,0.42505,0.14088,0.97741,0.07139,5.92184,2.40380,16.10153,1.81209
770,825.304039478302,6316032,145.91829,3878.65592,118.77458,557.62708,47.01694,220.55274,280.15625,0.00718,0.27753,0.73697,-0.72836,3.36795,0.65392,5.94930,1.76783,21.43690,11.37802,53.53029,5.79034,-31.42195,11.81609,-7.46610,-59.91824,7.79047,3.67166,30.65545,2.26165,225.73299,142.22603,859.11926,41.30396,0.00492,0.00957,0.05155,-0.01567,1.06626,0.04259,1.19336,0.93908,1.01790,0.06500,1.28247,0.84625,2.08226,0.00201,2.08496,2.07120,-4.96588,1.50835,-2.54333,-13.77747,-1.96106,0.00021,-1.96063,-1.96150,0.01230,0.00090,0.01410,0.01082,-1.95237,0.00073,-1.95072,-1.95338,-1.96976,0.00061,-1.96836,-1.97070,2.15313,0.62200,5.62126,1.02802,0.42350,0.16056,0.97290,0.01055,5.67711,2.53089,21.06433,2.06800
780,906.820321559906,6397952,121.72333,3444.24216,149.37654,557.03384,46.77144,302.93043,307.89062,0.07429,0.25558,0.92085,-0.65823,3.52784,0.66120,5.77237,2.19157,24.88686,11.76533,60.16729,7.46211,-30.09013,11.84197,-7.73521,-61.24575,8.67337,3.76786,25.62548,2.98688,276.98826,184.86109,1965.19409,47.72770,0.00466,0.00874,0.04868,-0.02050,1.06628,0.04345,1.18896,0.92701,1.00735,0.06069,1.18983,0.84230,2.07988,0.00243,2.08357,2.06351,-4.72143,1.30735,-2.06642,-10.09700,-1.95992,0.00059,-1.95897,-1.96084,0.01089,0.00038,0.01147,0.01033,-1.95222,0.00079,-1.95097,-1.95339,-1.96763,0.00047,-1.96686,-1.96861,2.20332,0.71197,7.87890,1.04218,0.41495,0.14795,0.96244,0.04980,5.74769,2.20880,15.79450,1.91117
790,897.8726630210876,6479872,163.83816,3273.64357,125.38485,563.47832,44.08948,290.12475,345.01562,0.12175,0.23122,0.90199,-0.58502,3.43989,0.69136,6.08472,2.20699,23.56723,10.43118,57.24217,7.16902,-29.83694,14.11274,-7.54455,-66.63847,8.74153,4.38275,35.76811,2.83234,247.04599,191.91191,1474.33252,45.97474,0.00489,0.00890,0.04797,-0.01853,1.06107,0.04451,1.18630,0.92379,1.02458,0.06224,1.21532,0.87479,2.07856,0.00185,2.08157,2.06823,-4.99890,1.23891,-2.57888,-10.53900,-1.95910,0.00029,-1.95841,-1.95978,0.01171,0.00036,0.01234,0.01114,-1.95082,0.00027,-1.95010,-1.95125,-1.96739,0.00048,-1.96669,-1.96835,2.23345,0.86423,9.99968,1.03510,0.41705,0.15344,0.96734,0.02700,5.67263,2.35218,18.23013,2.07285
800,838.1260144710541,6561792,120.32439,3593.49049,125.18695,558.15094,46.23410,233.63988,290.75000,-0.07029,0.25904,0.67815,-0.87896,3.51992,0.64489,5.67611,1.98711,23.41193,10.50811,58.22389,6.65278,-31.54140,13.80372,-8.29251,-67.14308,8.83932,4.00002,27.28441,2.83268,253.46209,198.63880,1857.36609,55.32477,0.00541,0.00931,0.04320,-0.01511,1.06162,0.04239,1.15774,0.92035,1.01281,0.05911,1.20203,0.84061,2.07376,0.00264,2.07868,2.05792,-4.92876,1.32070,-2.41967,-10.94089,-1.95675,0.00088,-1.95580,-1.95839,0.01186,0.00050,0.01265,0.01105,-1.94837,0.00114,-1.94686,-1.95007,-1.96513,0.00070,-1.96439,-1.96671,2.12642,0.52786,4.93709,1.02877,0.42231,0.15285,0.97870,0.06544,5.74058,2.41660,16.97730,1.85483
810,1020.8897111415863,6643712,117.09852,3487.53582,118.80767,561.42887,43.23591,416.12582,366.56250,0.01228,0.26322,0.60916,-0.85422,3.53912,0.77699,6.16173,1.98707,24.07701,12.49732,68.90532,6.77245,-30.75774,14.57702,-6.87657,-70.36166,9.23137,4.80636,28.26855,3.02861,250.29565,175.74732,1250.21289,45.67896,0.00521,0.00913,0.04163,-0.01407,1.06117,0.04735,1.21568,0.91951,1.01201,0.06801,1.25419,0.80848,2.07146,0.00190,2.07402,2.05989,-4.99262,1.48892,-2.35817,-11.74059,-1.95563,0.00020,-1.95529,-1.95604,0.01130,0.00040,0.01253,0.01074,-1.94763,0.00026,-1.94716,-1.94817,-1.96362,0.00041,-1.96312,-1.96488,2.14658,0.67899,6.34876,1.03266,0.43867,0.14822,0.97458,0.05615,5.99369,2.58473,15.35522,1.69492
820,1020.4331362247467,6725632,144.34475,3115.04907,108.16325,563.45110,46.17092,410.72874,357.50000,0.03888,0.34498,0.67298,-0.90132,3.32500,0.91729,6.87816,1.76699,19.82308,11.60852,62.42922,6.30862,-29.89773,15.48106,-6.32195,-67.79159,8.38109,5.05708,34.51855,1.90835,241.98804,180.94798,1243.05872,21.52223,0.00439,0.00917,0.04672,-0.01918,1.05371,0.04705,1.18097,0.87344,1.01485,0.06494,1.19629,0.82219,2.06677,0.00302,2.07275,2.05589,-4.83475,1.26998,-2.10420,-9.51896,-1.95323,0.00121,-1.95155,-1.95549,0.01163,0.00043,0.01234,0.01089,-1.94500,0.00147,-1.94299,-1.94754,-1.96145,0.00098,-1.96009,-1.96344,2.16968,0.83888,11.24738,1.02663,0.42661,0.14304,0.97355,0.08166,5.49242,2.17779,14.96416,1.76540
830,858.8201568126678,6807552,156.82276,3841.84055,131.03179,558.67453,45.81626,254.22757,300.09375,0.00488,0.28967,0.90151,-0.72307,3.31959,0.73764,5.93299,2.02024,21.91381,12.09795,57.49223,5.04785,-27.42673,14.63506,-7.11796,-69.19508,7.65933,4.42016,35.14808,2.55966,208.96078,153.55716,876.52667,39.58440,0.00498,0.00863,0.05672,-0.01751,1.05104,0.04453,1.19829,0.92144,1.01849,0.06632,1.25738,0.83175,2.06447,0.00204,2.06699,2.05026,-4.96345,1.38588,-2.57961,-13.56420,-1.95213,0.00017,-1.95174,-1.95250,0.01263,0.00014,0.01295,0.01230,-1.94320,0.00016,-1.94291,-1.94348,-1.96106,0.00022,-1.96047,-1.96153,2.08376,0.65894,7.35228,1.03603,0.46217,0.14134,0.97091,0.11010,5.91487,2.45249,16.02472,1.66673
840,801.3368797302246,6889472,121.80833,3626.69776,139.78312,560.18778,42.61507,198.42655,285.03125,-0.02100,0.30908,0.78549,-0.79379,3.70869,0.88917,6.83688,1.92961,25.24030,11.16890,50.61794,5.54247,-33.10164,14.98116,-7.26784,-65.82972,9.83889,5.70046,34.08492,2.49798,260.58312,181.18429,1350.15295,39.54504,0.00575,0.00870,0.04086,-0.01461,1.05036,0.04514,1.19549,0.91614,1.01160,0.06727,1.22672,0.79334,2.06211,0.00209,2.06577,2.05212,-4.87369,1.23840,-2.34000,-10.39859,-1.95101,0.00026,-1.95044,-1.95186,0.01269,0.00023,0.01301,0.01200,-1.94203,0.00020,-1.94176,-1.94290,-1.95998,0.00038,-1.95893,-1.96082,2.10030,0.51054,4.93363,1.02893,0.44067,0.14695,0.98255,0.09307,5.59747,2.33873,16.27724,1.62764
850,947.6129930019379,6971392,103.62647,3632.00381,116.88697,604.19901,41.25557,302.03078,316.96875,0.00445,0.23923,0.63422,-0.67082,3.63633,0.58615,6.01936,1.93654,24.60930,9.86871,52.62362,6.71504,-33.08675,12.81945,-8.93736,-64.11401,9.93431,4.14810,27.86463,3.31353,275.73297,176.80691,1270.18140,56.01883,0.00529,0.00916,0.05997,-0.01848,1.04470,0.04736,1.18512,0.89436,1.00734,0.06586,1.20841,0.80727,2.05722,0.00302,2.06277,2.04490,-4.79202,1.34796,-2.02344,-10.33866,-1.94858,0.00109,-1.94679,-1.95043,0.01176,0.00045,0.01245,0.01094,-1.94026,0.00130,-1.93799,-1.94206,-1.95689,0.00094,-1.95552,-1.95892,2.07205,0.53904,4.64617,1.03020,0.44139,0.14252,0.97512,0.09150,5.58490,2.17235,13.48376,1.56437
860,797.4606699943542,7053312,109.79241,3127.20572,138.32968,554.77884,38.86914,203.68509,264.15625,0.05120,0.27974,0.85251,-0.73103,3.35342,0.73289,5.94937,1.96596,21.06401,11.41861,54.85226,5.87422,-30.67538,14.65913,-6.61311,-65.11925,8.63382,4.57459,29.79316,2.72501,308.55871,245.20298,1691.54651,43.02545,0.00322,0.00846,0.03391,-0.01582,1.04198,0.04350,1.18728,0.91657,1.01828,0.06105,1.23468,0.87197,2.05372,0.00212,2.05639,2.03988,-4.85682,1.36297,-2.47428,-10.98243,-1.94676,0.00029,-1.94617,-1.94717,0.01143,0.00078,0.01280,0.01017,-1.93868,0.00076,-1.93753,-1.93989,-1.95484,0.00046,-1.95423,-1.95567,2.02545,0.47496,4.38024,1.02791,0.46053,0.14010,0.97907,0.04627,5.65393,2.36906,14.88422,1.73447
870,796.5978565216064,7135232,122.17932,4072.39779,123.90940,552.10200,40.67193,203.74043,254.68750,-0.04244,0.24922,0.83343,-0.72741,3.85809,0.79046,6.72270,2.09564,23.52813,11.88707,59.84525,4.43151,-36.99102,15.12671,-7.02544,-67.90205,10.97832,5.79960,43.74973,3.52937,321.03333,266.80128,1613.49805,51.16000,0.00368,0.00832,0.03423,-0.02059,1.04198,0.04619,1.19236,0.89594,1.01609,0.06246,1.20754,0.85573,2.05506,0.00236,2.05839,2.04132,-4.86352,1.28237,-2.62294,-9.32717,-1.94750,0.00043,-1.94681,-1.94819,0.01081,0.00051,0.01182,0.01015,-1.93985,0.00039,-1.93936,-1.94060,-1.95515,0.00070,-1.95405,-1.95608,2.07518,0.50279,4.30131,1.02766,0.44436,0.14341,0.98211,0.03825,5.69335,2.28848,17.66761,1.66914
880,892.4857528209686,7217152,116.44464,4081.40185,127.72975,553.14608,42.45303,296.79944,286.96875,-0.06088,0.26756,0.68370,-0.72036,3.56742,0.71100,7.03808,2.12112,21.38417,12.73656,65.66202,5.57100,-35.20169,13.63828,-5.86365,-64.01850,9.14558,4.95000,30.89068,3.16681,261.49314,196.42607,2256.03687,49.20265,0.00420,0.00822,0.04174,-0.01714,1.04613,0.04553,1.19531,0.92314,1.00585,0.06200,1.21503,0.85832,2.05463,0.00212,2.05771,2.04399,-4.70453,1.15538,-2.33212,-8.58088,-1.94723,0.00037,-1.94650,-1.94784,0.01157,0.00038,0.01202,0.01069,-1.93905,0.00048,-1.93827,-1.93997,-1.95541,0.00043,-1.95407,-1.95601,2.08981,0.51914,4.59527,1.03179,0.43833,0.15223,0.98287,0.08990,5.66867,2.33857,17.46245,1.78052
890,789.828311920166,7299072,133.46237,4056.39856,137.52736,553.88289,43.67360,192.15930,287.78125,-0.03668,0.26644,0.72000,-0.79807,3.71270,0.91687,6.79679,1.95881,24.97535,13.19829,60.31575,6.49833,-34.99601,13.62137,-6.53503,-67.61183,10.41393,5.67749,42.83925,3.17300,319.74310,254.76666,1849.74170,43.68102,0.00359,0.00890,0.05694,-0.01857,1.03546,0.04523,1.16234,0.87353,1.01332,0.06357,1.21039,0.85256,2.05082,0.00209,2.05514,2.04077,-4.86270,1.32787,-2.35972,-11.25436,-1.94527,0.00053,-1.94425,-1.94652,0.01056,0.00032,0.01105,0.00996,-1.93780,0.00066,-1.93658,-1.93904,-1.95274,0.00049,-1.95184,-1.95406,2.03104,0.53775,6.31691,1.02330,0.46060,0.15022,0.96835,0.11948,5.75708,2.54919,21.72147,1.56113
900,804.5968999862671,7380992,127.69493,3829.73026,133.49211,554.72460,41.34070,208.43494,281.12500,0.00477,0.24735,0.65472,-0.92193,3.50542,0.75048,6.21794,2.02245,24.19114,10.51490,55.55562,7.16886,-31.32233,15.76615,-6.96599,-64.61232,8.84763,4.80541,34.49330,2.73036,303.13746,228.62093,1713.61707,46.67310,0.00509,0.00850,0.03318,-0.01705,1.03306,0.04540,1.15964,0.88693,1.01185,0.05943,1.19849,0.83621,2.04692,0.00222,2.05069,2.03580,-4.81258,1.27057,-2.38971,-10.52297,-1.94338,0.00049,-1.94260,-1.94429,0.01113,0.00021,0.01148,0.01060,-1.93551,0.00045,-1.93487,-1.93660,-1.95126,0.00056,-1.95031,-1.95201,2.02624,0.48601,5.97793,1.04088,0.44439,0.14210,0.97481,0.11337,6.19827,2.47430,17.03564,1.91588
910,875.7839319705963,7462912,147.76460,3600.20928,127.25752,555.05069,44.14035,276.49671,331.20312,0.04073,0.28321,0.67881,-0.77586,3.33051,0.74465,6.03504,1.92055,18.73173,9.68049,59.31885,5.73930,-33.28991,15.48362,-8.01106,-68.85542,7.86219,3.99926,28.24058,2.77417,274.97565,255.01666,3208.70996,46.40873,0.00460,0.00821,0.04075,-0.01793,1.03072,0.04483,1.15274,0.87646,1.01666,0.05940,1.19352,0.85590,2.04587,0.00194,2.04886,2.03470,-4.82730,1.20535,-2.59791,-9.97528,-1.94286,0.00025,-1.94236,-1.94347,0.01082,0.00032,0.01138,0.01028,-1.93521,0.00044,-1.93452,-1.93599,-1.95051,0.00018,-1.95017,-1.95094,1.96903,0.68517,12.38661,1.02289,0.47621,0.15196,0.97885,0.06996,5.85933,2.51001,18.77328,1.39561
920,880.6823980808258,7544832,130.70193,3679.16122,138.98377,601.71102,45.94225,232.92542,317.81250,0.00491,0.28325,0.66021,-1.14533,3.65855,0.75453,6.34232,2.11017,25.52344,10.92031,62.88533,6.50270,-32.65184,13.85340,-7.24412,-67.81650,10.17109,4.63053,28.54692,3.01853,326.45948,224.35530,1419.98267,41.61017,0.00322,0.00791,0.03597,-0.01509,1.03022,0.04662,1.15683,0.90606,1.01270,0.06330,1.23648,0.83276,2.04268,0.00236,2.04669,2.03205,-4.81925,1.21449,-2.57986,-9.53711,-1.94135,0.00040,-1.94088,-1.94237,0.01143,0.00051,0.01219,0.01069,-1.93327,0.00071,-1.93230,-1.93461,-1.94942,0.00027,-1.94891,-1.95017,1.92944,0.42989,3.88539,1.02582,0.48147,0.14556,0.98489,0.07405,5.75096,2.17806,13.72079,2.03403
930,837.9649875164032,7626752,129.98794,3313.45356,141.97152,553.65005,44.44071,239.77111,280.00000,0.04948,0.30581,1.00724,-0.67309,3.67432,0.76655,6.22720,2.10060,22.60634,9.59987,57.72639,5.83851,-34.96373,15.36725,-8.09921,-68.48081,9.84253,4.98617,36.84779,2.75247,307.15555,215.11566,1675.34521,41.61535,0.00406,0.00861,0.04155,-0.01752,1.02968,0.04451,1.16363,0.90687,1.00716,0.06068,1.16156,0.84095,2.04212,0.00190,2.04508,2.03092,-4.74217,1.10407,-2.40132,-8.11679,-1.94093,0.00020,-1.94065,-1.94166,0.01164,0.00043,0.01256,0.01091,-1.93270,0.00017,-1.93224,-1.93296,-1.94915,0.00049,-1.94838,-1.95054,2.08450,0.59843,7.71421,1.02954,0.45516,0.14168,0.97216,0.04983,5.76318,2.24834,18.11022,1.88470
940,923.2650890350342,7708672,139.04773,3179.44457,153.92379,552.79531,42.58265,327.77150,309.37500,0.09433,0.28327,0.86646,-0.63267,3.70555,0.66390,6.78063,2.33797,24.53243,10.20423,53.13620,7.98126,-34.18135,14.94694,-6.19554,-66.46924,10.35738,4.26469,29.76157,3.51882,324.43432,245.08024,1560.83838,56.65011,0.00341,0.00831,0.03926,-0.01789,1.02806,0.04557,1.18324,0.87530,1.01470,0.06225,1.21009,0.84941,2.04131,0.00215,2.04548,2.03197,-4.89344,1.15341,-2.30547,-8.49612,-1.94058,0.00047,-1.94005,-1.94174,0.01202,0.00028,0.01261,0.01128,-1.93208,0.00033,-1.93159,-1.93284,-1.94908,0.00064,-1.94831,-1.95065,1.97108,0.47728,4.56385,1.02111,0.47147,0.14871,0.97792,0.03636,5.47327,1.96984,12.50071,1.94483
950,838.2168266773224,7790592,131.83722,3684.48575,139.72343,551.69973,40.49447,245.92957,331.65625,0.12563,0.22900,0.85389,-0.51806,2.94944,0.57652,4.56831,1.69262,16.87059,8.03110,36.37293,4.62261,-28.17312,13.46378,-6.29697,-59.72648,6.54879,2.55501,19.73154,2.49475,223.49464,176.95441,1483.38342,39.59898,0.00310,0.00788,0.02838,-0.01643,1.03022,0.04337,1.13453,0.84316,1.01289,0.06471,1.21975,0.83238,2.04096,0.00202,2.04414,2.02867,-4.96354,1.27217,-2.35365,-10.34069,-1.94037,0.00041,-1.93976,-1.94101,0.01118,0.00030,0.01158,0.01057,-1.93246,0.00041,-1.93162,-1.93293,-1.94827,0.00050,-1.94762,-1.94915,1.93758,0.49647,6.36971,1.02080,0.47535,0.14099,0.98166,0.12315,5.89752,2.34381,15.53501,1.94286
960,949.421425819397,7872512,149.44304,3484.81412,146.01655,601.11671,44.40513,303.77180,363.96875,0.09779,0.21960,0.74702,-0.64532,3.29526,0.76236,5.69546,1.78169,20.73186,8.96260,53.01713,6.85215,-30.11289,14.58189,-7.15587,-67.15595,8.34563,4.56472,31.21762,2.38206,261.53356,206.28167,1796.42725,43.88278,0.00469,0.00866,0.04028,-0.01641,1.02749,0.04653,1.18377,0.86533,1.00399,0.06218,1.19588,0.84247,2.03837,0.00213,2.04208,2.02358,-4.78228,1.20013,-2.47825,-9.22379,-1.93909,0.00037,-1.93845,-1.94001,0.01142,0.00032,0.01188,0.01073,-1.93101,0.00054,-1.93049,-1.93242,-1.94716,0.00029,-1.94636,-1.94761,2.00113,0.45671,4.08608,1.02497,0.46960,0.13859,0.97857,0.09006,6.04632,2.44758,14.83079,2.05138
970,862.0100347995758,7954432,126.75856,3407.71483,134.06017,552.94512,40.56268,268.38424,292.92188,0.08013,0.25377,0.86948,-0.57260,3.49788,0.74310,5.69114,1.89160,24.29589,11.15172,58.83814,7.89859,-31.14917,14.35228,-7.21120,-68.11382,9.08768,4.53187,31.60034,2.81366,325.37416,246.74203,1757.97791,41.27738,0.00377,0.00814,0.05858,-0.01394,1.02700,0.04763,1.14086,0.88727,1.00941,0.06402,1.21579,0.84130,2.03596,0.00193,2.03900,2.02769,-4.79703,1.20304,-2.42247,-9.62712,-1.93791,0.00031,-1.93742,-1.93845,0.01260,0.00071,0.01369,0.01118,-1.92900,0.00080,-1.92806,-1.93054,-1.94682,0.00025,-1.94633,-1.94743,1.96332,0.51733,5.75250,1.01920,0.48338,0.13817,0.98364,0.01225,5.95143,2.34132,19.10436,1.85030
980,801.297434091568,8036352,141.01901,2820.63259,142.85600,553.62601,38.92774,208.64782,311.93750,0.07587,0.21942,0.72904,-0.55262,3.45888,0.86655,7.10489,2.14746,22.40034,10.33239,55.59158,6.09308,-31.25849,13.74253,-7.22968,-67.22132,8.74165,5.24314,45.92718,3.01616,221.92289,163.69332,1246.80554,42.09204,0.00384,0.00788,0.02889,-0.01504,1.02448,0.04376,1.15785,0.90695,1.01178,0.06255,1.15968,0.84538,2.03353,0.00252,2.03768,2.01818,-4.95891,1.33277,-2.02447,-10.14585,-1.93670,0.00080,-1.93535,-1.93784,0.01323,0.00030,0.01368,0.01262,-1.92735,0.00080,-1.92592,-1.92824,-1.94606,0.00085,-1.94470,-1.94751,1.97702,0.50037,4.89837,1.02812,0.48674,0.14241,0.96137,0.05446,5.60785,2.05227,13.12522,1.60561
990,963.34223985672,8118272,130.35059,2651.72037,174.75770,594.18697,42.14671,326.92901,342.93750,0.08699,0.33011,0.87284,-0.99829,3.53065,0.69890,5.81074,2.11534,26.83239,11.77960,55.53239,5.46041,-29.11136,15.59192,-7.20189,-67.34702,8.69794,4.47263,30.90208,2.78608,264.18966,228.13670,1781.03857,51.98542,0.00334,0.00797,0.03948,-0.01535,1.01315,0.04550,1.16111,0.89798,1.00940,0.06369,1.24287,0.84295,2.02872,0.00233,2.03265,2.01240,-4.78387,1.32304,-2.13433,-11.36103,-1.93429,0.00053,-1.93361,-1.93535,0.01363,0.00039,0.01420,0.01300,-1.92465,0.00078,-1.92375,-1.92603,-1.94393,0.00032,-1.94348,-1.94470,2.01102,0.53972,5.82463,1.02434,0.47289,0.14208,0.98019,0.02656,5.50192,2.15756,17.74639,1.97517
1000,872.084235906601,8200192,139.50063,3230.34559,129.48745,553.90427,38.70775,279.38146,352.78125,-0.03732,0.24863,0.63712,-0.79883,3.17672,0.79627,5.79977,1.69974,18.43314,10.34463,51.83353,5.50303,-30.85298,15.44891,-5.98308,-67.25672,8.23280,4.70748,28.22045,2.15476,209.49005,161.88621,1224.74377,34.67798,0.00288,0.00792,0.04992,-0.01533,1.01622,0.04520,1.13742,0.86475,1.01265,0.06094,1.25414,0.83031,2.02685,0.00244,2.03064,2.01312,-4.84608,1.15990,-2.14440,-9.24862,-1.93335,0.00056,-1.93221,-1.93432,0.01474,0.00050,0.01569,0.01403,-1.92293,0.00083,-1.92175,-1.92435,-1.94377,0.00043,-1.94267,-1.94430,1.97805,0.50419,6.11185,1.02035,0.48706,0.14414,0.98281,0.03913,5.50459,2.27311,24.56953,1.68950
1010,1001.4399139881134,8282112,112.37035,3159.56237,132.81421,553.97609,38.29706,409.01994,439.81250,0.08153,0.18801,0.69929,-0.59106,3.24935,0.80032,5.48933,1.87465,20.16242,10.13180,51.53709,5.73235,-30.13663,14.29389,-8.21941,-65.51968,8.22259,4.38961,26.83426,2.04961,209.12550,159.61842,1298.23352,26.83130,0.00321,0.00831,0.04961,-0.01810,1.00542,0.04761,1.14475,0.85491,1.01850,0.06889,1.21327,0.83450,2.02238,0.00215,2.02632,2.00695,-4.92959,1.33478,-2.34956,-8.71405,-1.93111,0.00037,-1.93064,-1.93220,0.01514,0.00019,0.01551,0.01480,-1.92041,0.00043,-1.91968,-1.92174,-1.94182,0.00035,-1.94130,-1.94268,1.97042,0.48977,4.83139,1.02048,0.46867,0.14834,0.98112,0.10539,5.72087,2.24778,17.60142,1.78605
1020,1006.6166145801544,8364032,155.88768,3486.23870,127.37328,625.24766,46.87115,334.31224,360.82812,0.06358,0.30005,0.90401,-0.72783,3.47605,0.70628,5.65903,1.88933,23.29360,11.88186,61.10966,5.79353,-28.03791,13.97273,-7.38194,-64.87627,8.73801,3.95537,25.07818,2.98703,243.71682,205.70157,1479.37134,43.06689,0.00303,0.00766,0.02990,-0.01868,1.01031,0.04041,1.11699,0.89519,1.01344,0.06103,1.24063,0.85703,2.02071,0.00207,2.02330,2.01029,-4.91801,1.29578,-2.68021,-11.37391,-1.93025,0.00022,-1.92993,-1.93064,0.01639,0.00036,0.01700,0.01551,-1.91866,0.00042,-1.91797,-1.91967,-1.94183,0.00024,-1.94132,-1.94225,1.96646,0.51036,5.33865,1.03628,0.46911,0.14750,0.97336,0.11657,5.48898,1.95774,12.69730,1.93001
1030,774.5793619155884,8445952,136.75724,3366.36318,134.25252,544.73660,38.37225,191.29996,282.37500,0.02269,0.29682,0.63422,-0.97477,3.61997,0.70982,5.79556,2.17205,23.00813,11.63894,56.83308,5.41783,-31.87306,14.32912,-8.31152,-65.70462,9.47165,4.16530,29.58814,3.64767,313.43204,237.55168,1501.36731,37.24107,0.00376,0.00849,0.04226,-0.01574,1.00764,0.04516,1.14198,0.88838,1.01285,0.05878,1.17346,0.84832,2.01954,0.00180,2.02197,2.01063,-5.09403,1.47257,-2.32424,-11.41910,-1.92962,0.00019,-1.92919,-1.93000,0.01621,0.00024,0.01686,0.01578,-1.91816,0.00018,-1.91781,-1.91857,-1.94109,0.00031,-1.94056,-1.94192,2.00879,0.53212,5.86458,1.02789,0.46495,0.15054,0.97523,0.03718,5.76308,2.35762,21.25377,1.74551
1040,800.8759233951569,8527872,134.06363,3550.99256,135.40997,542.30106,38.95300,219.51008,288.95312,0.08111,0.31646,0.76515,-0.82910,3.60077,0.66570,5.59487,1.98011,22.08969,10.16755,54.14102,6.81173,-34.07264,13.61839,-7.76292,-66.14577,9.24030,4.39431,28.57813,2.67801,278.74530,212.99187,1393.68726,48.35625,0.00317,0.00754,0.03038,-0.02130,1.00396,0.04507,1.13601,0.85929,1.00596,0.06221,1.23842,0.83178,2.01752,0.00224,2.02066,2.00906,-4.80394,1.23253,-2.00928,-8.83411,-1.92874,0.00043,-1.92807,-1.92928,0.01560,0.00029,0.01622,0.01511,-1.91771,0.00054,-1.91684,-1.91859,-1.93977,0.00040,-1.93926,-1.94074,1.90844,0.44101,3.68326,1.02038,0.47327,0.15866,0.97686,0.05645,5.63664,2.04180,14.10567,2.07241
1050,997.2407882213593,8609792,150.39790,3546.86851,167.67217,547.45940,40.38582,409.30493,358.43750,0.16030,0.27125,0.87714,-0.55631,3.26320,0.66705,5.84610,1.99588,21.78506,9.96355,52.07668,5.95555,-27.30146,14.49612,-7.34920,-71.29517,8.38765,4.22394,32.56365,3.30663,255.03183,189.32376,1248.32117,40.85949,0.00317,0.00786,0.02283,-0.01523,1.00303,0.04205,1.13237,0.79598,1.01193,0.05976,1.25467,0.85555,2.01770,0.00191,2.02024,2.00723,-4.82930,1.28903,-2.41717,-10.26878,-1.92878,0.00021,-1.92845,-1.92913,0.01559,0.00013,0.01586,0.01536,-1.91775,0.00026,-1.91728,-1.91820,-1.93980,0.00019,-1.93947,-1.94013,1.86483,0.39193,4.29548,1.01758,0.49813,0.13519,0.98027,0.07362,5.97429,2.14391,14.84905,2.15197
1060,831.9958505630493,8691712,124.96650,3602.83094,116.39467,537.98571,38.53889,255.35957,296.85938,0.05499,0.23891,0.67622,-0.84886,3.48218,0.61983,6.35451,2.18356,26.57490,10.95960,53.27251,7.07552,-30.04435,13.63486,-7.86608,-66.12775,9.50536,4.21712,38.44723,3.29521,332.57000,280.80118,2341.00684,48.10870,0.00356,0.00837,0.04250,-0.01911,1.00599,0.04515,1.12290,0.86861,1.01904,0.06459,1.31852,0.85272,2.01692,0.00230,2.01945,1.99186,-5.18982,1.54284,-2.68194,-15.60276,-1.92840,0.00015,-1.92799,-1.92870,0.01602,0.00009,0.01616,0.01581,-1.91707,0.00019,-1.91670,-1.91751,-1.93973,0.00014,-1.93922,-1.94000,1.97266,0.66130,8.85512,1.01818,0.48498,0.14863,0.97782,0.11578,6.24173,2.47299,18.88803,2.26908
1070,888.7555494308472,8773632,124.11138,3164.05264,135.42084,548.52459,39.83855,300.28970,330.37500,0.08303,0.22139,0.78453,-0.47135,3.38958,0.62986,5.85763,1.92244,23.11128,9.52845,55.14907,7.94857,-28.40080,13.51374,-6.65238,-73.81931,8.40273,3.50442,32.06307,2.88480,253.54589,181.06163,1400.52905,56.16181,0.00257,0.00772,0.04043,-0.01984,1.00960,0.04277,1.13149,0.87801,1.00060,0.05742,1.25261,0.84393,2.01564,0.00202,2.01820,2.00746,-4.73471,1.08053,-2.56321,-9.28133,-1.92779,0.00021,-1.92736,-1.92805,0.01654,0.00027,0.01704,0.01588,-1.91609,0.00036,-1.91535,-1.91674,-1.93948,0.00016,-1.93916,-1.93980,1.93872,0.50541,6.20395,1.02924,0.48903,0.15136,0.97185,0.05644,5.86411,2.12943,15.06220,2.03618
1080,939.0593390464783,8855552,127.58365,3258.04956,143.25501,548.64021,38.27444,352.05085,347.20312,0.05616,0.22245,0.75954,-0.63700,3.66814,0.84518,6.04846,1.90155,23.08993,11.10123,50.90282,7.15341,-32.79129,14.40946,-5.15696,-71.41630,9.81582,4.83137,27.21540,2.45295,254.20310,175.59397,1306.13953,33.18342,0.00321,0.00804,0.03086,-0.01628,1.00395,0.04408,1.12103,0.87775,1.01597,0.06005,1.18606,0.84532,2.01570,0.00178,2.01788,2.00656,-4.95474,1.24993,-2.69518,-10.14261,-1.92772,0.00014,-1.92735,-1.92792,0.01788,0.00049,0.01883,0.01699,-1.91508,0.00028,-1.91446,-1.91545,-1.94036,0.00045,-1.93937,-1.94110,1.97431,0.48237,5.21751,1.02197,0.47238,0.13488,0.97190,0.12421,5.82099,2.16255,13.48116,1.99990
1090,1047.7187252044678,8937472,135.76536,3890.29863,140.99748,547.17387,38.35742,462.09166,343.62500,0.10539,0.25221,0.84149,-0.60558,3.27062,0.65272,5.37073,1.96843,19.57194,9.06667,54.65659,5.33085,-28.14904,14.78665,-6.69153,-65.87737,8.18999,3.84056,27.36302,2.62931,262.25821,282.26208,2695.27002,41.65070,0.00374,0.00789,0.03457,-0.02072,1.00367,0.04646,1.12584,0.84300,1.01546,0.06199,1.25735,0.82114,2.01638,0.00218,2.01863,1.99744,-4.90445,1.19750,-2.75467,-11.44016,-1.92811,0.00011,-1.92777,-1.92830,0.01857,0.00031,0.01898,0.01806,-1.91498,0.00030,-1.91446,-1.91547,-1.94124,0.00017,-1.94097,-1.94155,1.95694,0.53681,6.78145,1.03217,0.47910,0.14225,0.97923,0.13268,6.20599,2.26497,15.66798,2.40216
1100,915.5406303405762,9019392,149.81435,3025.56602,103.22051,542.34936,39.82030,333.27830,343.14062,0.05799,0.28183,0.82059,-0.72046,3.50935,0.73306,6.58347,1.94745,24.07858,11.93292,61.25316,6.03330,-29.66229,13.84349,-8.20652,-69.10818,9.50731,4.79435,35.88463,2.52644,258.70722,172.79931,1325.68469,33.33616,0.00302,0.00771,0.04634,-0.01585,1.00986,0.04613,1.12608,0.85813,1.00728,0.06406,1.24761,0.83190,2.01671,0.00196,2.01912,2.00457,-4.90614,1.38869,-2.61180,-10.88514,-1.92827,0.00016,-1.92797,-1.92850,0.01894,0.00031,0.01930,0.01821,-1.91487,0.00011,-1.91464,-1.91513,-1.94166,0.00037,-1.94084,-1.94206,1.94123,0.53432,7.69791,1.02858,0.48972,0.14514,0.96836,0.11425,5.96745,2.14260,14.74952,2.07450
1110,849.7176055908203,9101312,152.61524,3206.78618,157.79051,544.05407,37.60188,267.88107,365.59375,0.03319,0.26332,0.70987,-0.98243,3.56833,0.81219,6.70562,1.78861,25.57176,12.06733,65.73592,5.80936,-31.78011,14.82956,-6.48354,-68.53903,9.78479,4.98177,34.79654,2.67111,300.10455,207.77383,1363.88171,37.02477,0.00344,0.00746,0.03211,-0.01443,1.00465,0.04378,1.13882,0.88866,1.01184,0.06289,1.26176,0.83986,2.01606,0.00192,2.01868,2.00483,-4.92913,1.55653,-2.36412,-13.23546,-1.92789,0.00025,-1.92737,-1.92834,0.01852,0.00046,0.01927,0.01797,-1.91479,0.00017,-1.91449,-1.91514,-1.94098,0.00055,-1.94021,-1.94192,1.91773,0.45741,5.26562,1.02842,0.48602,0.14545,0.98082,0.10780,6.33165,2.40961,15.54078,2.06137
1120,972.7593986988068,9183232,129.24893,3058.86134,114.27362,539.92037,39.15026,393.60098,354.92188,0.09019,0.26616,0.61991,-0.78972,3.28403,0.75323,6.58544,1.69599,20.42254,10.91315,55.07726,6.04432,-29.92056,12.52903,-7.61194,-58.02259,7.72823,3.99582,30.99283,2.42698,273.03803,206.34642,1353.58325,44.88414,0.00329,0.00750,0.02631,-0.01740,1.00178,0.04551,1.13568,0.87208,1.01055,0.06192,1.20640,0.85169,2.01454,0.00201,2.01765,2.00377,-4.89389,1.24119,-2.45577,-9.69588,-1.92715,0.00033,-1.92676,-1.92778,0.01812,0.00026,0.01859,0.01773,-1.91434,0.00020,-1.91404,-1.91475,-1.93996,0.00050,-1.93940,-1.94083,1.92992,0.47654,4.74930,1.01916,0.49214,0.14820,0.97930,0.13848,6.04945,2.20164,14.55873,2.17847
1130,912.7491199970245,9265152,136.55430,3424.25261,157.73581,542.51500,40.14763,329.95250,359.93750,0.18369,0.21470,0.78558,-0.59870,3.71848,0.81286,6.45728,2.00051,27.36856,12.51237,59.85194,6.63802,-32.34890,13.60086,-7.92742,-70.31213,10.88180,5.33838,34.85851,3.02071,308.21378,228.95457,1531.38086,46.38756,0.00355,0.00783,0.05332,-0.01971,1.00918,0.04549,1.13409,0.84969,1.00774,0.06480,1.19912,0.80165,2.01430,0.00202,2.01679,2.00215,-4.93195,1.31473,-2.46364,-11.65274,-1.92710,0.00015,-1.92673,-1.92736,0.01851,0.00033,0.01894,0.01791,-1.91401,0.00017,-1.91371,-1.91432,-1.94019,0.00035,-1.93939,-1.94071,1.91888,0.46543,3.84059,1.01549,0.49617,0.14589,0.97908,0.12720,6.30512,2.34513,15.64465,1.83448
1140,951.6228065490723,9347072,127.17440,3028.79159,130.30812,549.99930,38.43841,363.02943,375.31250,-0.00576,0.34207,1.16570,-0.87556,3.94820,0.78638,6.28775,2.37448,27.48579,13.02590,61.42014,5.26551,-33.39551,13.86254,-8.58505,-69.06252,12.08417,5.29834,31.19760,3.70979,352.33630,243.67907,2448.76245,54.04391,0.00243,0.00790,0.03440,-0.01576,1.00511,0.04790,1.13736,0.85373,1.00312,0.06471,1.19524,0.84288,2.01335,0.00225,2.01617,1.99876,-4.79893,1.26212,-2.11322,-9.80147,-1.92663,0.00024,-1.92631,-1.92711,0.01889,0.00017,0.01935,0.01864,-1.91327,0.00029,-1.91292,-1.91383,-1.93999,0.00025,-1.93954,-1.94045,1.85884,0.43768,4.26942,1.02061,0.50505,0.15395,0.97939,0.04693,5.82455,2.22019,19.34780,2.29846
1150,987.7237622737885,9428992,194.59617,2751.14287,126.49345,572.37095,39.72839,375.44104,403.34375,0.13000,0.39880,0.97838,-1.05320,3.88838,0.74794,6.09133,2.42351,25.81740,8.80609,53.88031,8.97261,-35.46165,13.67124,-9.73132,-67.66415,12.02422,5.45992,36.58404,3.53946,299.86638,188.64706,1303.45886,41.16903,0.00298,0.00781,0.03765,-0.01862,1.00389,0.04501,1.12577,0.85773,1.00769,0.06380,1.25159,0.85228,2.01292,0.00200,2.01544,1.99956,-4.78990,1.19506,-2.49954,-9.23776,-1.92637,0.00029,-1.92579,-1.92670,0.01923,0.00018,0.01959,0.01892,-1.91277,0.00028,-1.91220,-1.91320,-1.93996,0.00034,-1.93922,-1.94055,1.97189,0.56983,5.27632,1.02566,0.48404,0.16086,0.97500,0.03400,6.17996,2.21660,17.95496,2.33176
1160,1111.7507169246674,9510912,167.79909,2323.01493,135.61441,644.85428,44.18271,422.53015,438.09375,0.07914,0.28522,0.93348,-0.75398,3.89319,0.90784,7.16492,1.86145,23.81771,11.54016,55.90103,5.40190,-36.05978,15.13880,-8.17674,-64.94302,12.31949,6.41272,50.30408,2.63852,278.33618,189.25302,1494.54456,45.43721,0.00247,0.00723,0.03092,-0.01978,1.00517,0.04398,1.13830,0.85150,1.00590,0.06089,1.20813,0.81994,2.01065,0.00216,2.01364,1.99694,-4.87313,1.22466,-2.37899,-9.62613,-1.92533,0.00034,-1.92484,-1.92579,0.01881,0.00015,0.01911,0.01848,-1.91203,0.00032,-1.91148,-1.91241,-1.93863,0.00040,-1.93797,-1.93924,1.95320,0.70780,10.76986,1.02252,0.51181,0.15475,0.97968,0.07191,5.79004,2.01336,15.89229,2.38268
1170,972.0643479824066,9592832,141.19708,2173.22320,155.58303,568.63298,39.72085,363.32439,353.50000,0.10109,0.30264,1.10572,-0.73654,3.96458,0.78172,6.28440,1.89449,27.73258,11.65203,61.90834,7.15798,-34.73958,15.25888,-8.86679,-71.58057,12.36547,5.46253,33.78796,2.81621,370.44941,226.19358,1811.67700,62.20218,0.00235,0.00701,0.02965,-0.01941,1.00085,0.04509,1.12504,0.84850,1.00726,0.06372,1.23333,0.85040,2.00967,0.00185,2.01182,1.99717,-4.88480,1.37026,-2.72628,-10.01193,-1.92468,0.00013,-1.92437,-1.92486,0.01854,0.00016,0.01876,0.01816,-1.91157,0.00021,-1.91113,-1.91202,-1.93779,0.00013,-1.93748,-1.93804,1.86833,0.47438,5.38251,1.01625,0.52803,0.13700,0.98531,0.20519,6.00762,1.98749,13.69522,2.03922
1180,991.130051612854,9674752,121.71827,3292.13645,163.47184,544.54710,38.98357,407.50514,419.59375,0.10045,0.30124,0.90822,-0.98974,4.12213,0.76600,6.40914,2.44315,29.71786,11.69318,70.68011,6.94958,-35.09384,14.05727,-10.61390,-70.77998,13.22972,5.56763,39.94591,3.99184,416.76678,280.94948,1685.79419,69.42907,0.00248,0.00704,0.02628,-0.01399,1.00585,0.04505,1.12888,0.84641,1.00505,0.06227,1.24432,0.77796,2.00990,0.00219,2.01240,1.99671,-4.80860,1.28867,-1.99567,-10.31089,-1.92487,0.00022,-1.92448,-1.92517,0.01872,0.00009,0.01886,0.01849,-1.91163,0.00025,-1.91120,-1.91192,-1.93810,0.00021,-1.93775,-1.93847,1.84074,0.48189,6.24367,1.02164,0.52238,0.13838,0.97781,0.05259,6.22460,2.27034,15.49975,1.86322
1190,929.9508955478668,9756672,159.15795,3193.48528,138.79969,541.60934,38.06896,350.18526,379.73438,0.04496,0.25475,0.77558,-0.79409,3.87468,0.88390,6.11435,1.65550,25.16751,11.13967,53.07757,6.31611,-34.60550,15.28049,-7.06112,-72.69820,11.78647,5.52722,34.60502,2.62530,322.10203,251.20923,2778.65991,43.46796,0.00286,0.00779,0.03727,-0.02013,1.00361,0.04710,1.13963,0.84961,1.00061,0.06006,1.16686,0.83313,2.00959,0.00211,2.01221,1.99823,-4.71253,1.07595,-1.97307,-9.15917,-1.92478,0.00015,-1.92450,-1.92507,0.01921,0.00035,0.01995,0.01856,-1.91120,0.00039,-1.91039,-1.91193,-1.93836,0.00011,-1.93816,-1.93863,1.89319,0.47629,5.03723,1.01946,0.50491,0.14503,0.98209,0.14055,6.09008,2.20916,13.35145,2.13017
1200,986.74680352211,9838592,176.75679,3048.77876,151.61833,540.45279,39.75473,406.34430,457.10938,0.13027,0.23364,0.83201,-0.75120,3.74039,0.59782,5.89422,2.22841,25.77199,9.69054,60.92875,6.92741,-32.62526,12.55849,-8.35042,-63.07897,11.02470,4.24462,33.19209,3.40746,300.94158,169.22672,1094.35791,48.44588,0.00234,0.00681,0.02319,-0.01608,1.00362,0.04814,1.14438,0.87851,1.00728,0.06761,1.22051,0.82271,2.00871,0.00192,2.01110,1.99975,-4.96828,1.36385,-2.72174,-10.83355,-1.92428,0.00016,-1.92400,-1.92455,0.01985,0.00014,0.02020,0.01963,-1.91024,0.00015,-1.90991,-1.91057,-1.93831,0.00021,-1.93788,-1.93861,1.80116,0.37969,3.97227,1.01277,0.51597,0.14507,0.98123,0.07330,5.73132,1.81443,16.43825,2.22380
1210,998.7963144779205,9920512,159.29028,2947.70710,138.48252,552.67559,38.64673,407.27907,395.73438,-0.04494,0.29899,0.62333,-0.95485,3.60464,0.68230,5.80997,2.15711,22.97426,9.73091,46.66180,7.13339,-31.18164,14.42447,-8.90779,-65.48842,10.31220,4.07062,28.61333,3.87574,300.69162,242.34558,2323.13354,62.19002,0.00268,0.00673,0.02440,-0.01547,1.00220,0.04350,1.12288,0.84860,1.00879,0.06122,1.24834,0.84234,2.00799,0.00198,2.01012,1.99707,-4.84306,1.22065,-2.64684,-9.66920,-1.92387,0.00009,-1.92367,-1.92405,0.01975,0.00030,0.02028,0.01923,-1.90991,0.00027,-1.90934,-1.91028,-1.93784,0.00018,-1.93744,-1.93815,1.84325,0.44248,4.49028,1.02264,0.51923,0.14309,0.98487,0.15413,6.19879,2.37871,17.72725,2.37938
1220,960.8864006996155,10002432,145.93625,3377.23391,175.79057,628.50893,43.79401,288.48912,338.35938,0.05320,0.31976,0.92266,-0.77493,4.23713,0.80162,7.71425,2.58614,26.00364,9.53171,51.11354,9.42624,-37.01036,14.19910,-8.52182,-69.85793,14.15100,6.37598,54.43124,3.18123,380.02273,246.62819,1758.33069,74.42889,0.00294,0.00663,0.02937,-0.01515,0.99463,0.04615,1.11267,0.84624,1.00978,0.06399,1.22170,0.87212,2.00611,0.00203,2.00919,1.99555,-4.91908,1.27291,-2.47865,-8.88387,-1.92290,0.00040,-1.92238,-1.92366,0.02052,0.00017,0.02076,0.02015,-1.90839,0.00045,-1.90788,-1.90932,-1.93741,0.00038,-1.93682,-1.93800,1.81069,0.38874,4.99149,1.02735,0.51960,0.14850,0.97447,0.11911,6.18056,2.13653,15.13093,2.47788
1230,904.445100069046,10084352,142.46735,4003.67989,176.92939,557.05741,38.04720,309.23179,337.23438,0.03238,0.27479,1.11677,-0.92387,4.16111,0.90326,8.06340,2.32809,25.57192,9.30809,55.44043,7.63939,-34.95431,15.10336,-9.53765,-68.27043,14.34465,7.10132,56.60553,4.12900,411.31643,268.21206,1959.49463,44.90013,0.00169,0.00660,0.02485,-0.01437,0.99341,0.04441,1.13530,0.86579,1.00881,0.06214,1.19590,0.83545,2.00432,0.00189,2.00688,1.99675,-4.84039,1.20625,-2.36382,-9.51499,-1.92205,0.00027,-1.92152,-1.92241,0.01985,0.00036,0.02052,0.01936,-1.90802,0.00014,-1.90780,-1.90836,-1.93609,0.00051,-1.93522,-1.93691,1.74551,0.36802,5.00396,1.01584,0.53999,0.14080,0.98342,0.06050,6.00119,1.91675,14.11302,2.31400
1240,981.8072800636292,10166272,151.17071,3532.30160,130.28159,556.73073,43.36888,381.60429,370.00000,-0.18851,0.33631,0.83169,-1.09835,4.30062,0.79680,7.38580,2.66224,26.63681,9.35430,56.65364,6.58933,-39.39723,14.85981,-9.79972,-71.50358,15.32722,6.36308,50.62767,5.58759,489.25431,305.02106,2117.03442,68.11785,0.00284,0.00615,0.02542,-0.01676,0.99241,0.04817,1.13740,0.84143,1.01091,0.06390,1.24400,0.85195,2.00257,0.00187,2.00507,1.99422,-4.99982,1.34162,-2.26314,-12.47608,-1.92114,0.00024,-1.92072,-1.92151,0.01994,0.00040,0.02042,0.01935,-1.90705,0.00051,-1.90628,-1.90781,-1.93524,0.00012,-1.93509,-1.93558,1.76457,0.38740,3.76831,1.01139,0.54393,0.14511,0.98568,0.04926,6.32531,2.16612,15.56561,2.76189
1250,882.8108241558075,10248192,148.00754,4072.76299,211.63671,548.96993,40.52502,293.09497,341.34375,-0.03066,0.26201,0.89216,-0.74695,4.00679,0.85237,6.94086,2.09996,26.31990,12.61907,68.41740,6.96185,-36.35679,13.95450,-7.94448,-68.72901,12.44700,5.51922,37.93189,3.76918,409.76740,303.55245,2229.88281,53.33498,0.00211,0.00646,0.03064,-0.01539,0.99675,0.04676,1.12916,0.87325,1.00520,0.07035,1.24106,0.80781,2.00140,0.00201,2.00375,1.99079,-4.93688,1.48143,-2.15243,-10.30077,-1.92062,0.00014,-1.92040,-1.92089,0.02085,0.00021,0.02110,0.02032,-1.90588,0.00026,-1.90553,-1.90643,-1.93536,0.00010,-1.93508,-1.93560,1.71568,0.36683,4.00040,1.01235,0.56384,0.13423,0.98698,0.13902,5.98744,2.22589,20.31931,2.47022
1260,882.9807391166687,10330112,152.52763,4119.54650,140.95614,553.19152,37.82604,291.87533,346.57812,-0.11692,0.34641,0.66484,-1.15417,4.39095,0.69978,6.47662,2.52918,26.90960,10.64076,56.24099,8.42393,-40.83973,13.41164,-9.59972,-70.29260,15.31595,5.39114,39.00590,6.18547,458.64563,302.82046,2006.30212,76.26556,0.00300,0.00662,0.02306,-0.01705,0.99150,0.04472,1.16422,0.83624,1.00511,0.06486,1.28848,0.85673,2.00057,0.00199,2.00299,1.98828,-4.92187,1.37127,-2.60624,-11.72638,-1.92025,0.00012,-1.91999,-1.92046,0.02012,0.00024,0.02067,0.01968,-1.90602,0.00009,-1.90584,-1.90624,-1.93448,0.00028,-1.93394,-1.93507,1.71591,0.32032,3.53630,1.01486,0.55271,0.13437,0.98416,0.12867,6.66629,2.22078,15.17232,2.90690
1270,999.8567731380463,10412032,140.94682,3434.04361,163.57965,583.00817,39.63830,377.08104,329.37500,0.02035,0.35902,1.24751,-0.75776,4.14950,0.94361,6.54179,2.23535,26.10812,12.76468,69.15940,6.70214,-39.19593,15.65897,-7.97482,-70.31293,14.53806,6.70924,35.96983,4.12131,375.74047,273.42791,2288.54395,70.73120,0.00183,0.00618,0.02704,-0.01569,0.99670,0.04333,1.09448,0.83382,0.99428,0.05996,1.18854,0.83051,1.99980,0.00195,2.00199,1.98843,-4.82672,1.29406,-2.42356,-9.94097,-1.91984,0.00008,-1.91967,-1.92000,0.01992,0.00025,0.02041,0.01962,-1.90575,0.00022,-1.90526,-1.90606,-1.93392,0.00016,-1.93366,-1.93416,1.68018,0.34717,3.92382,1.01739,0.56400,0.14564,0.98063,0.17152,6.00514,2.02623,14.29511,1.77910
1280,1047.735790014267,10493952,178.29713,3624.69553,139.59038,553.84897,38.75952,454.87830,390.28125,0.16534,0.28577,1.06113,-0.63181,4.04884,0.87405,6.60362,2.46003,26.26142,11.01613,58.04192,7.14530,-38.80847,16.41447,-7.60834,-76.36233,13.55308,6.01891,34.84897,4.26093,376.04329,238.20186,2117.66260,66.78588,0.00287,0.00664,0.02942,-0.01354,1.00047,0.04109,1.10237,0.85530,0.99478,0.06000,1.16806,0.83067,1.99939,0.00198,2.00144,1.98473,-4.83617,1.22434,-2.22443,-9.56196,-1.91955,0.00008,-1.91938,-1.91968,0.02031,0.00017,0.02060,0.02008,-1.90519,0.00019,-1.90482,-1.90548,-1.93391,0.00008,-1.93373,-1.93405,1.69796,0.32348,3.60096,1.01524,0.56616,0.13341,0.98691,0.12016,6.06196,2.09339,14.88076,2.48719
1290,955.7548639774323,10575872,166.05056,3863.16143,167.79380,555.48414,39.80045,360.36778,379.76562,0.10879,0.34968,0.97142,-0.85350,4.03318,0.86970,6.81878,2.52036,28.31471,12.49961,66.59869,6.23974,-34.10525,14.51639,-8.85613,-70.69315,13.56412,7.04390,42.75888,4.72335,465.46461,366.82884,2735.00439,52.84974,0.00175,0.00620,0.02105,-0.01373,0.99749,0.04406,1.11194,0.85780,1.00345,0.06188,1.22196,0.84145,1.99917,0.00199,2.00164,1.98988,-5.00200,1.36564,-2.50596,-10.38310,-1.91952,0.00012,-1.91937,-1.91977,0.02063,0.00020,0.02089,0.02031,-1.90493,0.00022,-1.90466,-1.90526,-1.93411,0.00014,-1.93383,-1.93433,1.62065,0.34006,4.84478,1.01452,0.59881,0.13166,0.98534,0.28007,6.11692,1.93326,14.27905,2.48213
1300,964.8003814220428,10657792,187.68786,3627.10788,136.05673,559.43052,38.65341,366.48111,452.92188,-0.04222,0.28425,0.67797,-0.93199,4.16478,0.89327,7.69719,2.58978,26.50030,10.59297,55.21244,8.73397,-37.74746,15.55869,-9.28116,-77.95203,14.93144,7.46265,55.45314,5.10760,415.56521,278.77539,2155.32178,78.52937,0.00248,0.00665,0.02665,-0.01969,0.99072,0.04475,1.16582,0.84879,1.01250,0.06428,1.19033,0.82958,1.99843,0.00213,2.00103,1.98556,-5.02328,1.21722,-2.71498,-9.86689,-1.91924,0.00012,-1.91898,-1.91947,0.02088,0.00021,0.02122,0.02053,-1.90447,0.00025,-1.90398,-1.90495,-1.93400,0.00010,-1.93382,-1.93416,1.67844,0.38124,5.50902,1.01722,0.57312,0.14248,0.98288,0.13525,6.38176,2.27348,17.78759,2.47424
1310,963.9424755573273,10739712,148.33126,3262.85342,179.56880,556.66429,37.89181,369.30096,404.09375,0.03625,0.24382,0.71552,-0.69771,3.97188,0.62669,6.04825,2.27818,27.66539,12.28480,66.06714,6.71098,-34.28029,15.83559,-10.14676,-73.74500,12.50738,4.58179,29.42315,4.43107,407.17243,279.61257,1900.56494,86.94595,0.00196,0.00587,0.02083,-0.01263,0.98947,0.04739,1.12356,0.81217,1.00819,0.06510,1.32874,0.83052,1.99796,0.00222,2.00025,1.98196,-4.86839,1.30448,-2.67061,-10.06419,-1.91891,0.00011,-1.91871,-1.91909,0.02137,0.00014,0.02159,0.02113,-1.90380,0.00020,-1.90352,-1.90410,-1.93402,0.00006,-1.93387,-1.93412,1.62838,0.29812,2.83616,1.01401,0.58098,0.14168,0.98311,0.14818,6.13825,1.97961,16.95473,2.56182
1320,1006.9256565570831,10821632,205.69474,3446.10986,162.77112,559.52499,37.39677,409.90555,451.50000,0.07774,0.23467,0.79258,-0.59334,3.76956,0.86135,6.81194,2.18025,25.14636,10.94963,56.85081,7.96096,-33.53857,15.53647,-6.81779,-68.11040,11.68678,6.00477,46.30166,3.40044,348.47215,253.67702,1471.62329,51.87217,0.00246,0.00606,0.02157,-0.01319,0.99665,0.03952,1.10924,0.86001,1.00566,0.06154,1.19408,0.83091,1.99892,0.00186,2.00109,1.99089,-4.81377,1.35126,-2.47652,-10.01428,-1.91932,0.00014,-1.91897,-1.91958,0.02166,0.00019,0.02194,0.02134,-1.90400,0.00007,-1.90388,-1.90413,-1.93463,0.00027,-1.93407,-1.93503,1.67603,0.37502,4.11427,1.01330,0.59257,0.14081,0.98341,0.09604,6.46776,2.08549,17.26242,2.72354
1330,1009.353925704956,10903552,210.95132,3381.46088,127.38858,558.77963,40.56735,409.89549,443.70312,0.04032,0.31320,0.79404,-0.61732,3.94569,0.82470,6.28447,2.20074,26.91440,11.85858,57.50647,6.44921,-37.15851,15.75752,-9.18807,-73.47610,13.49324,5.87726,34.24673,4.23677,429.18804,321.85809,2870.57227,59.77026,0.00252,0.00641,0.03322,-0.01839,0.98873,0.04417,1.10133,0.84949,1.01258,0.06597,1.25099,0.82691,1.99881,0.00227,2.00128,1.98231,-5.18698,1.50987,-2.51292,-11.81995,-1.91940,0.00008,-1.91930,-1.91958,0.02161,0.00012,0.02184,0.02140,-1.90411,0.00013,-1.90393,-1.90434,-1.93468,0.00010,-1.93456,-1.93502,1.63379,0.32332,3.09904,1.01283,0.60357,0.13540,0.98485,0.18410,6.24001,2.28645,18.68014,2.27135
1340,993.9362773895264,10985472,173.84078,3503.06454,136.52626,555.10978,38.44517,400.28073,434.23438,-0.00940,0.22038,0.60236,-0.72901,4.25363,0.84723,6.45711,1.99299,30.49736,12.75855,69.51027,7.40053,-37.91576,14.09037,-9.59554,-70.79482,15.43515,6.91752,41.38396,3.65136,447.72599,275.09528,1960.54199,53.61714,0.00220,0.00558,0.01880,-0.01670,0.99870,0.04507,1.13798,0.82259,1.00398,0.06205,1.24133,0.81562,1.99931,0.00211,2.00159,1.98440,-4.69327,1.15218,-2.65245,-9.35393,-1.91959,0.00009,-1.91942,-1.91976,0.02154,0.00017,0.02183,0.02125,-1.90436,0.00013,-1.90410,-1.90455,-1.93482,0.00016,-1.93459,-1.93510,1.62289,0.33629,2.92257,1.01426,0.61111,0.13869,0.98848,0.23026,6.26479,2.06720,13.66545,2.35545
1350,917.0543313026428,11067392,147.72082,3716.86589,155.39420,510.76502,37.18529,369.00212,409.20312,0.10360,0.35364,1.33313,-0.68131,4.31502,0.76195,6.66129,2.13644,28.41411,11.73098,61.79667,7.48878,-38.59835,16.25245,-7.88799,-74.94344,15.85671,6.10433,40.30912,5.79593,458.75800,300.50864,1891.79553,83.65572,0.00226,0.00586,0.02452,-0.01548,0.99611,0.04397,1.10445,0.82627,1.00821,0.05841,1.18679,0.85333,1.99890,0.00211,2.00107,1.98462,-4.79320,1.11873,-2.37672,-9.40514,-1.91939,0.00006,-1.91929,-1.91950,0.02168,0.00012,0.02183,0.02140,-1.90407,0.00013,-1.90391,-1.90437,-1.93472,0.00005,-1.93462,-1.93485,1.60698,0.31081,3.42951,1.01107,0.61406,0.13263,0.98623,0.18267,6.17488,2.13208,14.96453,2.09352
1360,888.9420087337494,11149312,129.42901,3916.28802,147.52996,509.84704,37.80161,341.15328,329.39062,-0.10447,0.27143,0.58214,-0.78809,3.72424,1.03501,7.95480,2.01911,24.84127,13.26881,64.70935,6.39315,-33.26095,15.65907,-7.80221,-76.36947,12.61856,7.38715,56.61745,3.06736,382.44875,319.37069,2137.63135,56.37212,0.00195,0.00536,0.01808,-0.01657,0.99364,0.04388,1.15274,0.86145,1.00312,0.06218,1.24258,0.80085,1.99901,0.00201,2.00111,1.98270,-4.79181,1.25153,-2.47940,-9.24269,-1.91941,0.00006,-1.91928,-1.91951,0.02161,0.00007,0.02170,0.02144,-1.90413,0.00003,-1.90403,-1.90418,-1.93469,0.00011,-1.93445,-1.93485,1.55072,0.28263,3.59572,1.00906,0.62790,0.12867,0.98903,0.26640,6.14562,1.98633,14.80283,2.56421
1370,846.0164852142334,11231232,123.25731,3570.99897,179.03629,499.87413,39.60670,306.42682,322.34375,-0.07283,0.29162,0.62513,-1.17004,3.98629,0.79162,6.96177,2.16106,25.82430,12.86126,61.37345,6.81509,-37.84441,16.45144,-9.31696,-76.06655,13.26696,5.59040,47.29356,4.21357,448.52684,295.23509,1750.81055,55.90108,0.00240,0.00537,0.02574,-0.01169,0.99212,0.04331,1.09841,0.86235,1.00979,0.06185,1.21177,0.86073,1.99860,0.00192,2.00081,1.98806,-4.99647,1.43660,-2.23926,-12.96481,-1.91915,0.00010,-1.91901,-1.91939,0.02181,0.00009,0.02200,0.02169,-1.90373,0.00010,-1.90359,-1.90405,-1.93457,0.00014,-1.93438,-1.93484,1.54219,0.27379,3.64192,1.00556,0.63512,0.12153,0.99212,0.30014,6.30383,2.01360,14.78598,2.50449
1380,931.9881093502045,11313152,144.72001,3570.75757,159.50248,499.16903,37.13770,395.57226,380.96875,0.06300,0.29987,0.83069,-0.89158,3.66787,0.77370,6.79469,1.91909,26.16402,12.10263,68.86127,6.94718,-30.10919,15.89029,-7.48460,-70.97144,11.72659,5.59345,46.84612,3.26977,394.57389,270.89681,1677.66992,50.85073,0.00252,0.00496,0.02010,-0.01107,0.99456,0.04386,1.11278,0.87648,1.00194,0.06257,1.28391,0.83584,1.99794,0.00194,2.00011,1.98546,-4.90583,1.41354,-2.47651,-10.87737,-1.91890,0.00005,-1.91881,-1.91901,0.02169,0.00007,0.02182,0.02152,-1.90356,0.00005,-1.90342,-1.90364,-1.93424,0.00009,-1.93405,-1.93439,1.52733,0.26213,2.50401,1.00609,0.63849,0.13516,0.99312,0.24922,6.21525,1.89472,13.58085,2.93469
